/* урок 4.
 * 1)Заполнить все таблицы БД vk данными (по 10-100 записей в каждой таблице).
 */



-- MariaDB dump 10.19  Distrib 10.5.12-MariaDB, for Linux (x86_64)
--
-- Host: mysql.hostinger.ro    Database: u574849695_23
-- ------------------------------------------------------
-- Server version	10.5.12-MariaDB-cll-lve

/*!40101 SET @OLD_CHARACTER_SET_CLIENT=@@CHARACTER_SET_CLIENT */;
/*!40101 SET @OLD_CHARACTER_SET_RESULTS=@@CHARACTER_SET_RESULTS */;
/*!40101 SET @OLD_COLLATION_CONNECTION=@@COLLATION_CONNECTION */;
/*!40101 SET NAMES utf8mb4 */;
/*!40103 SET @OLD_TIME_ZONE=@@TIME_ZONE */;
/*!40103 SET TIME_ZONE='+00:00' */;
/*!40014 SET @OLD_UNIQUE_CHECKS=@@UNIQUE_CHECKS, UNIQUE_CHECKS=0 */;
/*!40014 SET @OLD_FOREIGN_KEY_CHECKS=@@FOREIGN_KEY_CHECKS, FOREIGN_KEY_CHECKS=0 */;
/*!40101 SET @OLD_SQL_MODE=@@SQL_MODE, SQL_MODE='NO_AUTO_VALUE_ON_ZERO' */;
/*!40111 SET @OLD_SQL_NOTES=@@SQL_NOTES, SQL_NOTES=0 */;

--
-- Table structure for table `communities`
--

DROP TABLE IF EXISTS `communities`;
/*!40101 SET @saved_cs_client     = @@character_set_client */;
/*!40101 SET character_set_client = utf8 */;
CREATE TABLE `communities` (
  `id` bigint(20) unsigned NOT NULL AUTO_INCREMENT,
  `name` varchar(150) COLLATE utf8mb4_unicode_ci DEFAULT NULL,
  `admin_user_id` bigint(20) unsigned DEFAULT NULL,
  PRIMARY KEY (`id`),
  KEY `communities_name_idx` (`name`),
  KEY `admin_user_id` (`admin_user_id`),
  CONSTRAINT `communities_ibfk_1` FOREIGN KEY (`admin_user_id`) REFERENCES `users` (`id`) ON DELETE SET NULL ON UPDATE CASCADE
) ENGINE=InnoDB AUTO_INCREMENT=101 DEFAULT CHARSET=utf8mb4 COLLATE=utf8mb4_unicode_ci;
/*!40101 SET character_set_client = @saved_cs_client */;

--
-- Dumping data for table `communities`
--

LOCK TABLES `communities` WRITE;
/*!40000 ALTER TABLE `communities` DISABLE KEYS */;
INSERT INTO `communities` VALUES (1,'qui',1),(2,'perspiciatis',2),(3,'magni',3),(4,'aspernatur',4),(5,'non',5),(6,'accusamus',6),(7,'eos',7),(8,'vitae',8),(9,'odit',9),(10,'dicta',10),(11,'dolore',11),(12,'et',12),(13,'omnis',13),(14,'sunt',14),(15,'neque',15),(16,'qui',16),(17,'eligendi',17),(18,'natus',18),(19,'atque',19),(20,'minima',20),(21,'et',21),(22,'tempora',22),(23,'molestiae',23),(24,'mollitia',24),(25,'error',25),(26,'eum',26),(27,'provident',27),(28,'et',28),(29,'est',29),(30,'dolore',30),(31,'debitis',31),(32,'aut',32),(33,'pariatur',33),(34,'tenetur',34),(35,'dolorem',35),(36,'et',36),(37,'molestias',37),(38,'sit',38),(39,'maxime',39),(40,'sunt',40),(41,'sed',41),(42,'velit',42),(43,'sit',43),(44,'ducimus',44),(45,'ad',45),(46,'fugiat',46),(47,'vel',47),(48,'omnis',48),(49,'in',49),(50,'similique',50),(51,'vel',51),(52,'voluptatem',52),(53,'praesentium',53),(54,'quibusdam',54),(55,'ut',55),(56,'ut',56),(57,'doloribus',57),(58,'quibusdam',58),(59,'et',59),(60,'dolorum',60),(61,'velit',61),(62,'porro',62),(63,'repudiandae',63),(64,'omnis',64),(65,'dolor',65),(66,'quisquam',66),(67,'sed',67),(68,'debitis',68),(69,'quia',69),(70,'tempora',70),(71,'nihil',71),(72,'vero',72),(73,'ut',73),(74,'beatae',74),(75,'distinctio',75),(76,'dolore',76),(77,'sed',77),(78,'labore',78),(79,'deserunt',79),(80,'possimus',80),(81,'soluta',81),(82,'recusandae',82),(83,'aut',83),(84,'qui',84),(85,'voluptas',85),(86,'quos',86),(87,'aperiam',87),(88,'ex',88),(89,'tempore',89),(90,'eveniet',90),(91,'ex',91),(92,'velit',92),(93,'modi',93),(94,'et',94),(95,'totam',95),(96,'nostrum',96),(97,'expedita',97),(98,'eaque',98),(99,'illo',99),(100,'sed',100);
/*!40000 ALTER TABLE `communities` ENABLE KEYS */;
UNLOCK TABLES;

--
-- Table structure for table `friend_requests`
--

DROP TABLE IF EXISTS `friend_requests`;
/*!40101 SET @saved_cs_client     = @@character_set_client */;
/*!40101 SET character_set_client = utf8 */;
CREATE TABLE `friend_requests` (
  `initiator_user_id` bigint(20) unsigned NOT NULL,
  `target_user_id` bigint(20) unsigned NOT NULL,
  `status` enum('requested','approved','declined','unfriended') COLLATE utf8mb4_unicode_ci DEFAULT NULL,
  `requested_at` datetime DEFAULT current_timestamp(),
  `updated_at` datetime DEFAULT NULL ON UPDATE current_timestamp(),
  PRIMARY KEY (`initiator_user_id`,`target_user_id`),
  KEY `target_user_id` (`target_user_id`),
  CONSTRAINT `friend_requests_ibfk_1` FOREIGN KEY (`initiator_user_id`) REFERENCES `users` (`id`) ON DELETE CASCADE ON UPDATE CASCADE,
  CONSTRAINT `friend_requests_ibfk_2` FOREIGN KEY (`target_user_id`) REFERENCES `users` (`id`) ON DELETE CASCADE ON UPDATE CASCADE
) ENGINE=InnoDB DEFAULT CHARSET=utf8mb4 COLLATE=utf8mb4_unicode_ci;
/*!40101 SET character_set_client = @saved_cs_client */;

--
-- Dumping data for table `friend_requests`
--

LOCK TABLES `friend_requests` WRITE;
/*!40000 ALTER TABLE `friend_requests` DISABLE KEYS */;
INSERT INTO `friend_requests` VALUES (1,1,'requested','2006-06-16 21:46:54','1993-10-27 09:59:49'),(2,2,'approved','2008-11-15 10:12:38','1970-04-26 16:49:42'),(3,3,'approved','2021-06-20 19:33:25','2008-10-02 10:47:52'),(4,4,'unfriended','1982-10-01 08:04:02','2006-04-28 11:01:54'),(5,5,'requested','1996-03-07 10:21:18','2000-02-16 02:10:24'),(6,6,'declined','1987-09-02 09:25:21','2004-09-16 13:41:49'),(7,7,'requested','2021-08-15 07:40:18','1994-06-04 12:52:15'),(8,8,'unfriended','2019-06-05 04:25:40','2000-01-12 16:29:26'),(9,9,'requested','1984-02-13 07:28:28','2016-07-05 08:55:46'),(10,10,'unfriended','2014-06-23 20:09:38','1971-02-07 05:56:20'),(11,11,'declined','1994-11-10 20:36:37','1983-06-01 12:56:15'),(12,12,'unfriended','2019-11-21 11:50:56','1979-07-04 01:11:32'),(13,13,'unfriended','1992-05-17 14:21:44','2016-05-30 23:15:22'),(14,14,'declined','1981-01-18 13:46:52','1984-12-30 00:47:53'),(15,15,'requested','1995-12-16 02:07:19','1998-06-13 00:03:34'),(16,16,'unfriended','2010-09-29 17:44:10','2006-07-12 19:43:47'),(17,17,'requested','1983-09-30 08:22:30','1997-03-01 05:50:16'),(18,18,'unfriended','1976-09-20 22:31:42','1979-08-04 11:12:29'),(19,19,'approved','2007-07-23 06:15:55','1987-05-16 11:58:10'),(20,20,'approved','1993-05-17 16:38:41','1973-05-22 08:24:50'),(21,21,'declined','1993-11-01 17:04:18','1982-11-08 13:49:13'),(22,22,'requested','1993-05-20 07:21:07','1985-05-28 23:17:49'),(23,23,'unfriended','1989-10-17 17:29:46','2019-01-06 10:30:15'),(24,24,'requested','1974-05-02 23:42:26','1978-07-14 22:02:00'),(25,25,'approved','2017-09-21 18:39:11','1999-08-26 01:53:56'),(26,26,'requested','1999-04-27 07:04:28','2014-01-05 04:42:55'),(27,27,'approved','2008-10-07 01:12:32','1995-01-10 10:13:11'),(28,28,'unfriended','2009-04-03 04:59:49','2013-01-11 05:04:16'),(29,29,'declined','2001-03-09 14:52:02','1973-01-03 02:38:17'),(30,30,'unfriended','1986-11-01 05:30:52','2020-03-22 03:53:12'),(31,31,'requested','2015-08-06 03:52:45','1983-11-29 10:14:09'),(32,32,'requested','1987-01-28 18:48:53','1977-08-08 00:32:46'),(33,33,'approved','2018-10-06 03:48:17','2012-01-17 14:42:50'),(34,34,'unfriended','2006-10-03 19:04:37','1986-12-12 07:52:41'),(35,35,'approved','1970-12-07 00:08:44','1990-07-17 04:42:05'),(36,36,'requested','2013-06-21 11:48:09','1988-03-20 11:19:24'),(37,37,'declined','1997-07-18 03:01:09','2011-10-10 01:51:46'),(38,38,'requested','2010-02-09 14:06:50','2005-02-28 07:17:32'),(39,39,'requested','1985-12-19 14:06:49','2011-05-25 00:43:11'),(40,40,'approved','1984-11-27 23:02:25','1998-05-06 14:47:44'),(41,41,'requested','1975-09-16 19:05:25','1973-05-25 04:46:27'),(42,42,'requested','1970-08-30 14:04:59','1992-02-23 21:18:26'),(43,43,'approved','1971-06-13 09:00:25','1981-03-10 03:25:00'),(44,44,'declined','1988-10-06 08:54:02','1980-12-09 08:41:26'),(45,45,'unfriended','1990-03-12 10:19:14','2017-07-26 09:06:48'),(46,46,'unfriended','1992-04-22 16:39:14','1988-11-24 11:02:48'),(47,47,'declined','1970-05-18 23:28:36','1998-01-12 18:21:33'),(48,48,'approved','1997-01-10 12:41:36','1997-03-22 07:38:30'),(49,49,'declined','1977-11-24 23:35:33','1988-11-04 13:07:41'),(50,50,'unfriended','2012-04-30 02:50:46','1972-12-29 20:46:15'),(51,51,'requested','1998-12-02 19:39:53','1978-10-29 11:55:39'),(52,52,'requested','1986-01-26 17:30:18','1983-08-15 02:38:11'),(53,53,'declined','1980-05-01 18:22:16','2016-08-21 20:55:46'),(54,54,'approved','1994-11-01 14:35:44','1992-01-31 10:41:51'),(55,55,'unfriended','1994-07-26 04:51:11','2002-01-19 06:05:37'),(56,56,'requested','2015-11-19 02:54:58','2002-05-31 18:29:47'),(57,57,'approved','2001-06-14 12:02:28','2014-05-10 04:09:53'),(58,58,'declined','1994-02-04 11:02:39','1992-06-18 07:51:29'),(59,59,'requested','2014-07-27 18:00:23','1986-12-09 15:28:23'),(60,60,'declined','1972-11-03 21:02:09','2007-08-03 07:37:53'),(61,61,'declined','1970-04-02 07:23:42','1989-01-01 07:39:19'),(62,62,'unfriended','1984-09-11 09:24:09','2007-08-23 07:53:49'),(63,63,'unfriended','1993-04-19 06:04:25','1975-11-07 13:47:38'),(64,64,'declined','1992-09-19 16:25:18','1992-02-13 03:14:35'),(65,65,'approved','2012-04-11 10:32:55','2004-12-30 20:40:53'),(66,66,'declined','1988-10-17 22:12:46','1992-02-06 22:12:57'),(67,67,'requested','2013-10-10 11:12:34','2010-09-02 17:44:29'),(68,68,'requested','2014-01-17 21:42:32','1970-12-03 02:21:32'),(69,69,'unfriended','2020-12-13 03:02:48','1996-03-04 02:33:36'),(70,70,'declined','1992-04-24 11:47:14','1971-11-13 12:01:50'),(71,71,'requested','1972-04-22 23:49:59','1998-07-28 15:21:26'),(72,72,'declined','1997-10-18 11:35:17','2013-02-21 20:10:24'),(73,73,'declined','2021-10-06 13:40:34','1997-09-17 13:37:13'),(74,74,'declined','1981-11-04 15:24:37','2008-04-18 15:47:35'),(75,75,'requested','2009-09-25 04:48:50','2011-11-14 06:54:43'),(76,76,'unfriended','2011-12-15 01:27:38','1995-07-22 22:50:43'),(77,77,'requested','2001-03-09 12:11:24','2015-03-23 16:30:36'),(78,78,'requested','1970-07-08 12:45:01','2013-02-01 16:04:50'),(79,79,'unfriended','1980-05-05 19:21:20','2020-05-29 10:58:59'),(80,80,'approved','2006-02-08 14:44:32','2020-12-28 14:09:58'),(81,81,'approved','2012-12-22 03:24:16','1992-11-19 06:52:01'),(82,82,'requested','2007-01-06 01:07:36','1995-01-03 23:52:39'),(83,83,'unfriended','2015-04-15 17:38:09','2019-08-29 08:24:31'),(84,84,'unfriended','2003-06-08 04:53:23','1982-07-16 05:05:15'),(85,85,'declined','2007-06-01 20:14:53','2017-05-26 02:44:16'),(86,86,'declined','2006-06-19 08:12:10','1990-10-26 13:35:27'),(87,87,'approved','2010-12-15 09:07:20','1981-03-22 14:59:31'),(88,88,'approved','2001-05-13 11:23:06','1984-08-27 00:43:38'),(89,89,'requested','1986-10-18 06:51:15','1996-04-10 00:36:43'),(90,90,'declined','1993-10-03 10:27:51','2020-10-19 18:03:23'),(91,91,'declined','2004-05-18 04:18:47','1984-02-19 08:49:46'),(92,92,'approved','2016-09-24 17:00:15','2002-06-28 22:55:19'),(93,93,'unfriended','2003-01-11 02:14:27','2012-09-14 00:08:00'),(94,94,'requested','1991-09-13 04:25:45','1980-04-16 11:05:03'),(95,95,'unfriended','2003-09-23 19:28:47','1976-09-13 05:07:46'),(96,96,'unfriended','1993-12-02 00:32:44','2020-02-05 18:03:50'),(97,97,'declined','2012-01-31 20:28:01','1992-03-22 20:14:07'),(98,98,'approved','1988-08-09 10:35:19','1993-03-24 13:40:31'),(99,99,'requested','1977-12-18 23:18:45','2005-05-22 23:59:20'),(100,100,'declined','2003-10-13 12:12:41','2006-11-21 16:35:03');
/*!40000 ALTER TABLE `friend_requests` ENABLE KEYS */;
UNLOCK TABLES;

--
-- Table structure for table `likes`
--

DROP TABLE IF EXISTS `likes`;
/*!40101 SET @saved_cs_client     = @@character_set_client */;
/*!40101 SET character_set_client = utf8 */;
CREATE TABLE `likes` (
  `id` bigint(20) unsigned NOT NULL AUTO_INCREMENT,
  `user_id` bigint(20) unsigned NOT NULL,
  `media_id` bigint(20) unsigned NOT NULL,
  `created_at` datetime DEFAULT current_timestamp(),
  PRIMARY KEY (`id`),
  KEY `user_id` (`user_id`),
  KEY `media_id` (`media_id`),
  CONSTRAINT `likes_ibfk_1` FOREIGN KEY (`user_id`) REFERENCES `users` (`id`) ON DELETE CASCADE ON UPDATE CASCADE,
  CONSTRAINT `likes_ibfk_2` FOREIGN KEY (`media_id`) REFERENCES `media` (`id`) ON DELETE CASCADE ON UPDATE CASCADE
) ENGINE=InnoDB AUTO_INCREMENT=101 DEFAULT CHARSET=utf8mb4 COLLATE=utf8mb4_unicode_ci;
/*!40101 SET character_set_client = @saved_cs_client */;

--
-- Dumping data for table `likes`
--

LOCK TABLES `likes` WRITE;
/*!40000 ALTER TABLE `likes` DISABLE KEYS */;
INSERT INTO `likes` VALUES (1,1,1,'2018-12-01 20:09:39'),(2,2,2,'1976-10-09 07:46:06'),(3,3,3,'2014-05-11 06:23:33'),(4,4,4,'2009-02-24 23:14:43'),(5,5,5,'2003-09-09 07:46:32'),(6,6,6,'1986-02-05 01:59:29'),(7,7,7,'2003-03-23 16:01:36'),(8,8,8,'2017-07-31 16:14:59'),(9,9,9,'2006-02-05 14:47:00'),(10,10,10,'1970-02-24 07:22:54'),(11,11,11,'2014-01-31 17:05:41'),(12,12,12,'2015-06-15 04:58:09'),(13,13,13,'1987-12-27 18:45:35'),(14,14,14,'2007-05-10 16:36:44'),(15,15,15,'2018-07-29 00:59:36'),(16,16,16,'1997-02-18 08:27:21'),(17,17,17,'2009-08-14 18:52:44'),(18,18,18,'1995-01-26 09:13:44'),(19,19,19,'1996-02-23 17:34:34'),(20,20,20,'1995-05-02 07:11:06'),(21,21,21,'2002-11-06 11:50:37'),(22,22,22,'1971-10-16 07:30:19'),(23,23,23,'2011-12-17 23:34:34'),(24,24,24,'2010-05-31 10:09:28'),(25,25,25,'1972-07-19 15:06:44'),(26,26,26,'2019-03-28 09:17:52'),(27,27,27,'2000-10-05 12:16:33'),(28,28,28,'2006-03-22 04:17:16'),(29,29,29,'1988-04-05 07:36:03'),(30,30,30,'2017-12-01 00:20:32'),(31,31,31,'2010-05-01 03:50:02'),(32,32,32,'1988-04-03 03:02:33'),(33,33,33,'2002-07-26 11:02:19'),(34,34,34,'1970-10-24 02:59:57'),(35,35,35,'2018-07-10 22:19:25'),(36,36,36,'1977-11-30 06:29:30'),(37,37,37,'2008-04-29 09:38:41'),(38,38,38,'2014-01-31 16:29:45'),(39,39,39,'2000-05-01 10:18:57'),(40,40,40,'1972-08-26 23:24:34'),(41,41,41,'2001-06-24 10:31:43'),(42,42,42,'1987-10-25 00:52:40'),(43,43,43,'1978-06-25 09:04:05'),(44,44,44,'2010-01-14 19:13:37'),(45,45,45,'1978-07-25 21:48:41'),(46,46,46,'2000-10-07 13:43:21'),(47,47,47,'2014-06-15 08:00:18'),(48,48,48,'2014-09-29 20:22:05'),(49,49,49,'2021-04-27 08:48:43'),(50,50,50,'1974-01-02 04:35:48'),(51,51,51,'1980-02-25 23:35:09'),(52,52,52,'2007-01-21 05:44:29'),(53,53,53,'1974-12-23 01:41:02'),(54,54,54,'1996-09-11 22:33:59'),(55,55,55,'2012-08-18 04:14:26'),(56,56,56,'1996-02-18 01:31:11'),(57,57,57,'2012-10-16 03:59:18'),(58,58,58,'2008-07-24 04:26:27'),(59,59,59,'1996-05-25 13:55:25'),(60,60,60,'1979-11-05 01:07:38'),(61,61,61,'1977-02-05 06:27:21'),(62,62,62,'1974-05-31 09:29:07'),(63,63,63,'1982-03-01 23:44:14'),(64,64,64,'1975-08-06 23:50:14'),(65,65,65,'2011-04-23 03:21:20'),(66,66,66,'1975-08-20 08:34:49'),(67,67,67,'2017-07-12 15:27:51'),(68,68,68,'1976-07-09 08:36:07'),(69,69,69,'2020-06-16 13:24:13'),(70,70,70,'1973-05-16 05:01:13'),(71,71,71,'2009-08-03 20:58:04'),(72,72,72,'1991-08-03 11:23:58'),(73,73,73,'1977-12-23 01:35:26'),(74,74,74,'2014-12-21 11:01:34'),(75,75,75,'1977-05-01 11:34:41'),(76,76,76,'2000-05-30 17:15:35'),(77,77,77,'1986-03-09 00:58:45'),(78,78,78,'1997-08-02 13:51:14'),(79,79,79,'2008-09-27 00:39:22'),(80,80,80,'2000-05-08 14:31:56'),(81,81,81,'1977-06-21 07:18:01'),(82,82,82,'2021-10-03 02:26:04'),(83,83,83,'1973-12-31 15:05:48'),(84,84,84,'2005-09-10 13:18:59'),(85,85,85,'1977-07-21 20:27:10'),(86,86,86,'2017-11-17 21:23:21'),(87,87,87,'2017-07-07 02:34:11'),(88,88,88,'1970-01-20 14:24:49'),(89,89,89,'2008-01-02 13:02:32'),(90,90,90,'2012-03-06 02:56:02'),(91,91,91,'1971-03-31 01:42:43'),(92,92,92,'1978-03-18 10:10:45'),(93,93,93,'1978-09-01 01:58:12'),(94,94,94,'2002-04-30 23:27:12'),(95,95,95,'2012-01-10 12:58:49'),(96,96,96,'1981-08-13 19:48:03'),(97,97,97,'2019-07-11 12:31:25'),(98,98,98,'1974-09-01 18:17:29'),(99,99,99,'2010-11-14 19:31:24'),(100,100,100,'2005-11-15 08:46:36');
/*!40000 ALTER TABLE `likes` ENABLE KEYS */;
UNLOCK TABLES;

--
-- Table structure for table `media`
--

DROP TABLE IF EXISTS `media`;
/*!40101 SET @saved_cs_client     = @@character_set_client */;
/*!40101 SET character_set_client = utf8 */;
CREATE TABLE `media` (
  `id` bigint(20) unsigned NOT NULL AUTO_INCREMENT,
  `media_type_id` bigint(20) unsigned DEFAULT NULL,
  `user_id` bigint(20) unsigned NOT NULL,
  `body` text COLLATE utf8mb4_unicode_ci DEFAULT NULL,
  `filename` varchar(255) COLLATE utf8mb4_unicode_ci DEFAULT NULL,
  `size` int(11) DEFAULT NULL,
  `metadata` longtext CHARACTER SET utf8mb4 COLLATE utf8mb4_bin DEFAULT NULL CHECK (json_valid(`metadata`)),
  `created_at` datetime DEFAULT current_timestamp(),
  `updated_at` datetime DEFAULT current_timestamp() ON UPDATE current_timestamp(),
  PRIMARY KEY (`id`),
  KEY `user_id` (`user_id`),
  KEY `media_type_id` (`media_type_id`),
  CONSTRAINT `media_ibfk_1` FOREIGN KEY (`user_id`) REFERENCES `users` (`id`) ON DELETE CASCADE ON UPDATE CASCADE,
  CONSTRAINT `media_ibfk_2` FOREIGN KEY (`media_type_id`) REFERENCES `media_types` (`id`) ON DELETE SET NULL ON UPDATE CASCADE
) ENGINE=InnoDB AUTO_INCREMENT=101 DEFAULT CHARSET=utf8mb4 COLLATE=utf8mb4_unicode_ci;
/*!40101 SET character_set_client = @saved_cs_client */;

--
-- Dumping data for table `media`
--

LOCK TABLES `media` WRITE;
/*!40000 ALTER TABLE `media` DISABLE KEYS */;
INSERT INTO `media` VALUES (1,1,1,'Sunt cupiditate expedita impedit ad. Magnam ipsum qui enim similique et explicabo rerum. Veniam consequatur eum quidem asperiores error.','odit',8,NULL,'1980-03-07 15:10:27','1999-03-14 14:38:47'),(2,2,2,'Necessitatibus repudiandae vel commodi deserunt corporis. Nesciunt omnis inventore numquam dolorum aut est ipsam. Ipsum quia quia dolores ad id est est. Doloremque repellat consequatur voluptas corrupti corrupti aut hic.','nihil',7730,NULL,'1973-03-24 01:19:02','2008-03-09 11:51:48'),(3,3,3,'Qui nihil enim et voluptas voluptate. Deleniti mollitia ex expedita et est molestiae repellendus.','fugiat',79,NULL,'1980-12-04 20:33:02','2013-08-10 11:53:40'),(4,4,4,'Modi harum animi dolor error. Exercitationem a tempore beatae et voluptatem neque. Quas nostrum consequatur rem nihil iste itaque est. Sunt totam rerum totam voluptatibus tempora alias officiis.','quia',32367596,NULL,'2000-07-14 14:37:14','1983-04-04 09:41:04'),(5,5,5,'Ipsa necessitatibus rerum illum qui. Quod et eius laboriosam voluptas nihil. Et unde ut non. Repellendus odit in minus voluptatum unde hic facere.','maxime',1,NULL,'2017-07-17 07:34:29','1970-10-13 00:17:56'),(6,1,6,'Nobis qui sequi quia eos. Veniam tempora magni ut sit quia ipsam nobis. Voluptates non sed esse. Porro expedita et quibusdam quia.','laudantium',47153527,NULL,'1972-09-22 09:13:21','2008-08-14 00:48:50'),(7,2,7,'Quisquam velit ut eos qui assumenda eveniet esse. Ex odio ea ut in. Recusandae quidem non qui. Cum error est placeat minima natus. Repudiandae consequuntur sint illo numquam aperiam dolore.','placeat',671917657,NULL,'2017-05-18 23:29:19','2017-06-15 13:40:56'),(8,3,8,'Hic atque quaerat atque praesentium blanditiis impedit. Id quibusdam asperiores veritatis pariatur corporis vel. Ut aliquam voluptatibus nihil tempore dolorem autem.','et',300,NULL,'2010-05-22 23:35:54','1996-05-16 01:29:16'),(9,4,9,'Voluptates quia quibusdam aperiam et eveniet in incidunt. Quo ducimus tempore veritatis voluptas dolore. Id ut et sed optio non.','quam',2455767,NULL,'1992-08-21 21:34:31','2018-03-12 10:25:09'),(10,5,10,'Quia sed aut consequatur neque soluta animi. Voluptatibus quos exercitationem earum sit temporibus est sunt. Quia doloribus voluptas aut odit commodi quia dolorem. Ea doloremque sint autem nisi quidem hic nostrum.','veniam',5461953,NULL,'1972-07-31 05:56:20','1998-11-18 00:20:37'),(11,1,11,'Cum repellat temporibus aliquam quia quo fugiat occaecati quia. Optio quis sit corrupti quaerat et tempora. Voluptatem ut rerum cupiditate ut eum eius. Nihil expedita architecto eius nihil et.','sint',29,NULL,'1986-08-29 18:01:20','1981-03-15 17:27:52'),(12,2,12,'Iste eius nemo deserunt harum cupiditate autem dolorem. Vero veritatis aut totam quia voluptatem facilis et.','aut',42,NULL,'1970-10-29 21:01:55','1973-04-13 09:56:57'),(13,3,13,'Qui deserunt incidunt sit quo. In rerum maxime eos. Consectetur impedit numquam facilis reprehenderit voluptatibus est.','minus',28247,NULL,'1985-04-30 23:54:29','1971-11-20 02:39:14'),(14,4,14,'Voluptatem cumque accusantium et a temporibus est enim. Voluptatibus quidem quod est voluptatem distinctio. Dicta architecto ullam vitae vero ipsum. Sed aut nihil velit qui ex ipsa.','est',5,NULL,'1976-06-03 20:33:55','2003-01-25 08:32:35'),(15,5,15,'Facilis laborum soluta possimus commodi. Rerum sapiente voluptatem ea est consequuntur. Et eius id quidem aut unde.','voluptatem',64973691,NULL,'2002-08-05 20:37:51','2009-07-31 01:00:27'),(16,1,16,'Eaque ullam dolorum ex distinctio rerum. Id odio iste voluptate sit maiores perferendis. Facilis nobis sint ex dolores iusto molestiae tempore explicabo. Ex autem non non id consequuntur velit quis.','architecto',456307939,NULL,'1988-08-02 16:03:56','2003-05-11 17:15:48'),(17,2,17,'Dolores ipsa molestiae voluptate non animi sapiente accusamus. Animi et tempora occaecati in. Quia ut voluptatem voluptatibus nobis.','in',48,NULL,'2016-10-16 04:09:19','1973-12-29 07:27:49'),(18,3,18,'Expedita omnis excepturi impedit consequatur. Cumque eos fugit pariatur temporibus deserunt labore dolorum. Natus dolorem et aperiam et cupiditate id qui. Sit est quo harum voluptas cumque.','incidunt',87904711,NULL,'1995-06-10 08:28:17','2006-01-08 07:13:03'),(19,4,19,'Sit consequuntur error in maxime quos. Minima sed sapiente nulla accusantium nisi fuga et. Aliquam est velit voluptate nostrum maxime. Reiciendis laudantium molestias modi eum at. Tempora aliquam cumque pariatur voluptatem nam qui.','blanditiis',0,NULL,'1971-01-22 12:46:32','1979-11-26 13:10:03'),(20,5,20,'Asperiores velit temporibus accusantium. Voluptas illum praesentium et mollitia debitis. Dolores asperiores iure aut qui ut et voluptatem.','ullam',575364,NULL,'1995-01-14 07:58:38','1996-06-16 11:00:20'),(21,1,21,'Repudiandae vel molestias nobis laboriosam aliquam pariatur quaerat. Aspernatur iusto odio est magnam. Dolore ea consectetur architecto rerum voluptatem et.','ab',266202,NULL,'1970-09-18 14:18:30','2015-10-05 10:25:38'),(22,2,22,'Repellat ratione consectetur rem eum. Quasi voluptatem ad qui recusandae delectus vel autem. Sed qui magni et cumque perspiciatis voluptatum a voluptates. Sit sunt ipsa deleniti ex.','cumque',0,NULL,'2020-10-13 02:32:59','2013-06-25 10:58:59'),(23,3,23,'Quos quia saepe earum amet maiores porro deserunt dolorum. Voluptatem in eaque animi eum placeat laboriosam. Similique pariatur voluptas dolor id quisquam. Animi dolores aut eaque occaecati dolor quae deserunt velit.','sit',137537,NULL,'2005-01-09 00:28:19','1971-12-15 11:05:42'),(24,4,24,'Blanditiis quia nemo iste. Quaerat ratione impedit itaque optio esse eveniet aliquid. Voluptatibus consequatur ea sint veritatis.','quia',131,NULL,'2011-10-16 21:57:07','2014-09-13 12:36:55'),(25,5,25,'Modi provident alias quisquam sit. Libero nesciunt blanditiis eum sequi. Vero et veniam modi. Totam qui vel consequatur et est.','et',408952434,NULL,'1976-08-21 12:05:22','1983-12-15 10:36:30'),(26,1,26,'Nemo ut ut est voluptatibus sed. Quod tempora illo deserunt quos voluptatem enim.','qui',7068,NULL,'1990-08-13 21:19:23','1985-04-23 04:36:19'),(27,2,27,'Eius beatae et molestiae repellendus. Tenetur cumque vel accusantium maxime. Consequatur cum rerum ducimus aut. Provident necessitatibus rerum placeat sapiente.','magni',748546321,NULL,'1979-07-20 17:55:39','2021-02-25 07:47:32'),(28,3,28,'Tempora qui quia laboriosam modi laudantium. Suscipit accusamus ex quo. Iusto consequatur numquam laboriosam. Modi voluptatem sed hic rerum qui nihil error.','ullam',10843648,NULL,'1994-02-08 21:44:49','2015-04-05 18:16:09'),(29,4,29,'Debitis non numquam ipsa voluptate recusandae. Inventore molestiae facilis et dolorem occaecati sint. Non deserunt ut et enim fuga. Distinctio quas officiis eos aperiam eos et.','ad',0,NULL,'1980-11-23 03:38:26','2002-07-24 18:30:19'),(30,5,30,'Voluptatem repellat est perspiciatis beatae. Eos facere amet quisquam corrupti. Nihil earum quis est dolorem soluta rerum.','qui',6847,NULL,'1996-10-10 20:23:28','1971-07-08 14:42:06'),(31,1,31,'Eligendi ratione ipsam et non. Explicabo sequi temporibus nesciunt. Quae at in consectetur aliquam cupiditate.','perferendis',404936375,NULL,'2013-06-27 01:17:01','1974-02-24 12:47:08'),(32,2,32,'Aut dignissimos non dolores consequatur sit. Ut nobis beatae numquam provident aliquam. Ab laboriosam vel aperiam ipsum. Beatae autem maxime consequuntur accusantium doloremque soluta. Perferendis et necessitatibus et.','assumenda',0,NULL,'1991-08-03 17:47:48','1987-11-22 04:18:21'),(33,3,33,'Nihil cumque provident consequatur voluptas. Enim expedita voluptatum aliquid dolorem cum sit architecto veniam. Non veniam corrupti aliquid. Quibusdam excepturi molestias qui ut rem.','velit',97434801,NULL,'1998-05-25 23:01:32','1990-11-24 11:41:49'),(34,4,34,'Quis cumque dolores enim iure quod. Omnis nisi voluptatem vero. Eligendi placeat qui molestiae et deleniti libero.','ut',43696,NULL,'1996-05-30 15:03:44','1978-06-01 02:56:21'),(35,5,35,'Atque qui qui similique quas est dolorem et. Saepe officiis ullam tenetur modi ducimus odio. Ipsum deserunt tempora dolor voluptas. Ipsam ipsa quis rerum quidem.','temporibus',9548,NULL,'2014-10-20 15:34:24','1971-10-22 10:24:59'),(36,1,36,'Placeat aut maiores optio consequatur. Cum ut error non nostrum voluptatem excepturi. Dignissimos et illum deleniti. Omnis ea est sint dolorem ea ea voluptatem vel.','qui',9536,NULL,'2010-08-03 22:49:58','2013-02-06 05:37:08'),(37,2,37,'Rem corporis expedita dolorem qui consequatur. Molestias ut fugiat hic dolorem. Maiores porro recusandae sint illum non necessitatibus. Aspernatur officia sed assumenda.','id',5,NULL,'1978-10-06 03:58:39','1983-06-05 10:51:45'),(38,3,38,'Nostrum non quibusdam vitae aut dolor. Sequi quia exercitationem quia quas voluptatem doloribus quis. Et molestiae ut omnis sint. Velit voluptates harum rerum omnis aut neque. Aperiam laborum aut libero earum mollitia vel.','occaecati',200,NULL,'2013-01-26 13:12:29','2021-01-05 01:13:26'),(39,4,39,'Temporibus consequatur ut dolore esse ea quas. Perferendis deserunt ea qui deserunt itaque eum quasi. Ad dolores nihil consequatur aut quod nesciunt iste. Maxime expedita voluptatem tempora harum soluta. Ea laudantium vero impedit earum dignissimos nam.','ea',7,NULL,'1970-02-13 03:46:23','1982-09-13 04:27:16'),(40,5,40,'Et numquam ea dolores placeat suscipit. Dolor amet fugiat aut sapiente non.','possimus',407811787,NULL,'1987-04-10 10:31:49','1999-05-13 08:27:18'),(41,1,41,'Aperiam accusantium accusantium voluptatem. Et harum cumque iure minima qui harum doloribus minus. Atque est id nihil numquam.','sit',2482,NULL,'2005-10-07 06:39:51','2011-10-18 04:42:32'),(42,2,42,'Incidunt quae nihil quibusdam aut laudantium dolorem eius omnis. Et nostrum rerum eius odit. Aut rerum eveniet ad quos fugit dolorem.','fuga',45616867,NULL,'2009-03-11 11:13:33','2018-04-14 10:41:08'),(43,3,43,'Officia ut dignissimos dolores molestias enim sapiente ad aut. Et voluptate sit mollitia sit amet placeat nisi. Quo natus autem dignissimos saepe quidem.','repellendus',618528435,NULL,'2015-04-11 02:14:26','1986-10-13 20:04:31'),(44,4,44,'Fugiat voluptate saepe vel iusto. Nemo dignissimos unde sed enim id. Odio nam neque aspernatur ipsam. Nam consequatur qui natus sunt possimus voluptate.','mollitia',6450649,NULL,'1994-07-04 15:34:47','2008-09-14 08:40:43'),(45,5,45,'Occaecati eveniet in ut quas blanditiis et alias dolorem. Sit quisquam et et illo. Illum laudantium qui suscipit accusamus perferendis debitis maxime. Suscipit laborum dicta quod ullam sunt reiciendis.','cum',6266,NULL,'2005-10-28 23:50:02','2009-12-10 15:46:22'),(46,1,46,'Nesciunt magnam inventore ipsa. Tempore amet adipisci voluptate quis quia aliquam. Adipisci dicta non veritatis reiciendis quo.','mollitia',31748927,NULL,'2002-08-10 06:10:24','2004-02-25 16:32:25'),(47,2,47,'Voluptate impedit ad libero. Ex non eum facere est est impedit. Cum ipsum et et non laboriosam consequatur.','quia',63609356,NULL,'2010-09-30 01:18:02','2017-11-23 03:29:40'),(48,3,48,'Molestias commodi et vitae ea ab quasi. Nihil saepe dolore natus excepturi nisi magni. Et praesentium nam dolore nisi autem.','voluptates',2958,NULL,'1989-07-08 12:41:28','1984-09-24 22:26:10'),(49,4,49,'Ipsum totam aut sequi inventore. Aut voluptatem voluptatem nulla tempora nihil reiciendis. Velit blanditiis illum molestiae accusamus. Asperiores perspiciatis aliquam architecto excepturi qui eum. Veniam repellat et nostrum dolor minima.','nobis',22709830,NULL,'2019-01-28 14:20:45','2001-08-24 03:07:49'),(50,5,50,'Quisquam omnis itaque quis molestiae. Cum accusamus perferendis minus fuga. Mollitia voluptas suscipit autem quibusdam et commodi natus velit. Dolore consequuntur quo saepe accusamus aliquid dicta consectetur.','eaque',8,NULL,'1985-02-15 18:02:37','2011-04-01 07:26:59'),(51,1,51,'Ab consequatur qui ab id. Voluptatem voluptatum minima vitae debitis optio incidunt aliquam iste. Saepe quibusdam quia quia culpa id consequuntur vel. Dicta deleniti odio eum tempore quos mollitia.','labore',2,NULL,'1997-06-09 02:24:41','1989-11-17 08:04:01'),(52,2,52,'Et sed cumque minus. Praesentium ut quia nostrum dolorum omnis quis enim. Quia dolore quia ut mollitia unde ipsa tempora quibusdam.','aperiam',7220,NULL,'1985-05-09 09:07:17','1990-03-03 00:12:32'),(53,3,53,'Dolor rerum debitis sit quasi libero rerum quam. Quo tempore animi adipisci nihil neque ea. Ex non hic fugiat cupiditate excepturi sed aliquam magni. Qui enim ut et doloribus et.','perferendis',0,NULL,'1986-06-22 13:16:38','1981-03-23 21:32:47'),(54,4,54,'Sequi fugiat vitae ipsum odit consequatur. Necessitatibus cupiditate iusto reiciendis sunt nihil quo ducimus. Et iure quia iusto qui. Illo voluptates quasi nesciunt qui iusto ex.','sapiente',496896,NULL,'2012-12-28 22:47:44','2004-11-06 16:19:52'),(55,5,55,'Assumenda ducimus totam dolorem quidem. Nihil incidunt praesentium sapiente mollitia voluptate fugiat. Temporibus animi nulla corrupti eius repudiandae quasi. Corporis nisi ea adipisci.','aut',305982646,NULL,'1990-02-28 20:45:47','1986-03-25 07:57:13'),(56,1,56,'Esse minus rerum animi. Quia reprehenderit fugit nesciunt aperiam quia. Aliquid nemo facere nesciunt eum.','velit',43459,NULL,'1981-03-15 03:46:25','1997-02-27 09:58:53'),(57,2,57,'Hic pariatur facilis eos ad. Quae voluptates iusto nostrum explicabo deleniti. Natus voluptatibus reiciendis et ea distinctio assumenda in. Consequatur consequatur quo nisi et.','alias',850234,NULL,'1996-11-08 09:17:40','1986-02-01 19:41:50'),(58,3,58,'Blanditiis iusto eos quisquam officia. Totam illo et excepturi sit. A praesentium molestiae qui a.','at',36533970,NULL,'1989-05-05 11:36:38','1993-10-08 04:12:28'),(59,4,59,'Placeat non eligendi quos in excepturi velit nemo non. Ratione voluptate enim autem. Amet cupiditate fuga ullam esse repudiandae.','animi',74232,NULL,'1993-12-22 10:39:42','1972-08-24 16:37:41'),(60,5,60,'Omnis facilis eaque ad mollitia perferendis. Quisquam dolorum autem repellendus. Repellendus odio modi culpa cumque laboriosam officia. Aut sed commodi delectus vel qui deleniti dolorum.','suscipit',13492971,NULL,'2018-08-15 20:37:44','2002-06-07 10:10:48'),(61,1,61,'Fuga tempore iusto qui aperiam. Qui eligendi quis ea architecto possimus quasi. Eum error sed nihil recusandae.','iusto',3041,NULL,'2001-09-24 04:34:53','1992-07-14 08:32:17'),(62,2,62,'Odit commodi ea aut magnam tempora voluptatibus cum. Quo voluptate fugit debitis non consequatur. Quo repellat quo nisi vitae consequuntur illo molestiae.','repellat',3899,NULL,'2011-03-05 07:03:32','1972-10-10 11:47:18'),(63,3,63,'Dolores est deleniti soluta molestiae aut distinctio eveniet. Non et voluptas nesciunt sit excepturi. Saepe doloremque consequatur ipsum ut. Adipisci optio sunt quis.','est',665983,NULL,'2005-07-09 17:35:11','1970-07-08 18:31:13'),(64,4,64,'Impedit itaque rerum et facere dolor aliquid. Ipsum molestiae a enim quaerat. Quaerat deserunt dolor odit ut explicabo nihil. Qui harum quis veniam reiciendis voluptate.','cum',681592,NULL,'1989-04-01 11:33:42','2020-01-19 12:54:47'),(65,5,65,'Corrupti quia accusamus maxime vel eius dolor enim. Amet esse deserunt beatae aut. Id non et in possimus et ut. Et autem cupiditate sed reiciendis qui aspernatur aut.','et',8817,NULL,'1975-04-05 14:28:26','1993-03-26 18:15:13'),(66,1,66,'Molestias voluptas dolor magnam ut. Ut quod impedit omnis temporibus quo eum occaecati. Quidem ipsam eveniet ex nam ratione voluptatem.','velit',521832,NULL,'2005-10-15 12:15:45','2003-02-28 01:09:53'),(67,2,67,'Repellendus adipisci accusantium et debitis aliquid. Error quasi perspiciatis deserunt inventore ducimus. Labore nemo quod sit sunt corrupti non voluptatem magni.','consequatur',3,NULL,'1998-01-27 10:38:15','2009-01-29 01:57:00'),(68,3,68,'Quas at fugit quibusdam et ullam aut. Officiis et magni tempore. Et voluptatem doloremque dignissimos enim qui sint est. Architecto est placeat quia. Nobis autem voluptas cum aspernatur quia.','vel',368436962,NULL,'1987-11-14 16:01:12','1976-10-31 21:15:01'),(69,4,69,'Sit temporibus sapiente qui in laudantium rerum fugiat. Quas ut autem aut et occaecati. Et quas autem aspernatur minus est quos est dolor.','fugiat',7467869,NULL,'2012-05-07 00:32:52','2002-05-08 19:18:54'),(70,5,70,'Id ea quam ut est sint dolore. Ab accusamus expedita qui et. Reiciendis quia voluptas non amet laudantium. Id asperiores eligendi blanditiis natus.','sed',111543816,NULL,'2020-10-17 12:00:05','2004-03-05 22:32:20'),(71,1,71,'Autem et inventore id expedita est. Minima earum maiores et eveniet nihil. Voluptatem impedit odit vero consequuntur.','ut',66,NULL,'1982-10-09 21:38:58','1991-03-30 12:14:54'),(72,2,72,'Ratione repudiandae sit illum molestiae beatae a molestiae. Eaque ut ex est. Officia nam enim eum at animi error rerum atque.','ducimus',42871,NULL,'1970-03-17 18:19:41','2004-02-19 17:31:44'),(73,3,73,'Qui consequuntur assumenda alias nulla molestiae fugit nesciunt. Saepe iste sit aliquid fugiat odio qui possimus. Maiores aliquam maiores laborum qui vero.','sint',10231,NULL,'2021-07-22 19:55:42','2021-06-24 07:20:24'),(74,4,74,'Mollitia placeat consequatur fugit nostrum. Consequatur placeat rerum laboriosam praesentium laborum eos. Consequatur laudantium quia ex culpa facere dolores voluptas. A quo ab quam enim sequi ut ducimus. Perferendis doloremque culpa magnam ipsam consectetur quidem.','et',49925,NULL,'2006-05-14 22:10:02','2021-06-09 18:10:21'),(75,5,75,'Nam consequatur dolores exercitationem repellat. Rerum odio non nihil sint voluptas commodi voluptatem. Delectus ad non autem repellendus itaque magnam dolores.','ea',93,NULL,'2006-08-28 12:48:47','1972-04-29 18:08:33'),(76,1,76,'Repellendus a nulla ad voluptatibus quam aut. Inventore aliquam et consectetur ut et dolores repellendus. Aut vero sit fuga aut perspiciatis.','qui',8083,NULL,'2010-10-12 22:48:25','1971-05-14 22:42:13'),(77,2,77,'Autem adipisci fuga accusamus ut est culpa soluta voluptatem. Odit dolor dolores quas sed tempora. Harum est sequi amet.','et',18,NULL,'1997-03-14 19:19:54','1988-05-25 21:13:11'),(78,3,78,'Quis officiis eum nostrum in quae consequatur recusandae modi. Provident perferendis velit vel voluptatum dicta molestiae ut. Eveniet laborum enim voluptate dolorem sit. Aliquid provident id sed nihil.','cupiditate',71113337,NULL,'2020-01-09 09:01:39','1981-06-02 05:59:27'),(79,4,79,'Quia sit commodi voluptatem dignissimos atque. Et porro culpa nihil vitae. Beatae ex quo maxime quo rerum consequatur dolores omnis.','non',32,NULL,'1989-11-08 01:54:46','2001-12-12 19:49:20'),(80,5,80,'Adipisci qui sed ipsa. Est qui omnis laboriosam voluptas omnis. Aut commodi officia praesentium numquam magni porro quia. Aliquid vel quo architecto vitae ea fuga.','amet',173731,NULL,'1997-12-25 17:59:40','1973-05-18 15:34:16'),(81,1,81,'Sunt omnis animi soluta assumenda a enim labore. Tempore dolores debitis asperiores saepe modi nihil. Laboriosam officia ab quia est animi quia. Impedit sed rerum non ab. Velit eius rem officiis dolorem vel sint.','rerum',0,NULL,'1972-09-20 02:42:30','1993-06-12 18:07:45'),(82,2,82,'Maiores tempore ut provident omnis. Saepe voluptas et aspernatur distinctio. Dolore amet atque autem. Voluptates eveniet quia aliquam dolorem vitae.','non',431227202,NULL,'2018-07-23 15:57:31','2014-03-04 04:13:36'),(83,3,83,'Sequi odit quae aut ut. Deserunt sit adipisci ipsa quo atque aperiam. Blanditiis dolor earum nulla.','architecto',0,NULL,'1981-02-27 15:20:03','1971-02-25 16:23:26'),(84,4,84,'Explicabo velit sit voluptatum omnis. Voluptatibus harum quidem provident praesentium. Voluptates vel ut neque accusantium. Enim repudiandae ut debitis a.','nisi',0,NULL,'1976-11-11 20:00:21','1996-01-08 02:17:09'),(85,5,85,'Dolores ullam consectetur modi consequatur rem nihil id aut. Maiores dolorem voluptatem quibusdam. Illo a perferendis numquam suscipit molestias quae consequatur. Veniam id veniam similique minus provident sit in.','nobis',80430,NULL,'1981-06-30 23:47:23','2019-09-11 09:17:06'),(86,1,86,'Id tempore soluta et libero sunt eligendi. Velit tempora deleniti dolores quia a dicta eveniet qui. A est natus sed eligendi.','magni',85,NULL,'2003-02-11 11:17:58','2020-09-04 10:02:44'),(87,2,87,'Est nobis ut aut officiis dolor nesciunt. Quod facere nobis in commodi veniam officia distinctio eligendi. A qui nihil dolores repellat amet.','quo',9,NULL,'1995-12-28 23:04:49','2013-12-20 02:11:45'),(88,3,88,'Dolorem impedit nesciunt est quasi. Fugiat impedit nisi soluta quibusdam dolorum aut odit ducimus.','enim',51932,NULL,'2011-08-03 16:01:46','2007-08-07 16:37:05'),(89,4,89,'Officiis nihil sed error sed enim atque. Ut accusantium officiis ea velit sequi repellendus consequatur. Non enim et magnam et.','corporis',9,NULL,'1977-06-19 15:44:45','1998-03-23 09:22:15'),(90,5,90,'Eaque laudantium et deserunt et culpa ea maxime et. Consequatur qui reiciendis et aut doloribus. Rem dolores facere eos voluptatibus quia. Sapiente blanditiis est repellat officiis earum.','quis',2513,NULL,'2008-06-03 20:38:28','2002-01-30 08:21:04'),(91,1,91,'Itaque aut eum possimus blanditiis et voluptatibus magnam maiores. Et optio fugit voluptas beatae sed officiis neque vitae. Omnis est non placeat doloremque consequatur. Ab sit aliquam dolor voluptatibus.','eius',899,NULL,'2003-03-26 19:07:25','1987-05-04 22:15:30'),(92,2,92,'Aut laborum iusto molestias recusandae molestiae eum ab ea. Illo consequatur modi numquam provident. Quis animi assumenda et dolor. Doloribus voluptatem aut aut fugiat. Illo repellendus aut esse architecto vel corrupti aut.','qui',43851,NULL,'2021-06-07 17:07:00','1977-11-27 03:37:58'),(93,3,93,'Non cupiditate incidunt sint tenetur quidem optio. Illo et quae totam ab veritatis excepturi quaerat. Et deleniti perspiciatis vel itaque at. Sed culpa necessitatibus sed omnis sit. Inventore ut impedit a vel.','quibusdam',8460204,NULL,'2006-01-20 13:48:22','1988-10-22 04:25:05'),(94,4,94,'Iure assumenda pariatur totam rerum pariatur et voluptas. Cupiditate voluptatibus ut itaque. Iusto ad deserunt qui reprehenderit. Explicabo quia quia amet dolorum officiis vitae delectus.','eum',3910168,NULL,'1982-04-25 08:56:56','1985-11-28 20:33:35'),(95,5,95,'Cum possimus repellendus perspiciatis tempore iste optio. Nihil saepe odit dolorum. Dolor a beatae quibusdam sunt a.','earum',0,NULL,'1997-06-14 23:20:19','1977-01-02 18:17:21'),(96,1,96,'Impedit laborum itaque velit at omnis aut nam ratione. Aliquid commodi voluptas harum et perferendis nisi est. Hic asperiores culpa cum omnis impedit sed deserunt.','provident',25,NULL,'2013-09-25 20:27:12','2002-11-26 08:18:43'),(97,2,97,'Voluptatibus et mollitia recusandae et sit voluptatem. Ut ipsam aut perspiciatis ipsum doloribus est modi. Quis beatae quos omnis maxime illum fugit. Qui sit sint modi blanditiis aut enim incidunt.','dolor',0,NULL,'2004-04-26 14:55:45','1990-11-05 19:20:10'),(98,3,98,'Quia ad ea saepe velit voluptas a quam quia. Eligendi maxime sint velit magni illum fugit. Repudiandae ex velit mollitia doloremque dolorem sunt non. Rem qui aperiam et similique rem perferendis et. Consequatur laudantium quasi suscipit repellendus fuga ut incidunt.','qui',0,NULL,'1998-06-30 23:06:30','1986-02-21 06:38:50'),(99,4,99,'Rerum ab adipisci cumque quia ex tempora esse. Non a velit et illo adipisci. Odio rerum recusandae ducimus ratione ut ipsam. Ad officia laboriosam eius hic a.','quas',0,NULL,'1983-08-16 11:50:25','1987-11-11 14:25:42'),(100,5,100,'Officia corrupti hic aut omnis qui quis est. Odit voluptatem necessitatibus et doloribus. Architecto dolorem sed doloremque aut nihil. Modi sunt illum aperiam et.','ex',5354785,NULL,'2001-07-22 13:25:01','2021-05-01 18:48:09');
/*!40000 ALTER TABLE `media` ENABLE KEYS */;
UNLOCK TABLES;

--
-- Table structure for table `media_types`
--

DROP TABLE IF EXISTS `media_types`;
/*!40101 SET @saved_cs_client     = @@character_set_client */;
/*!40101 SET character_set_client = utf8 */;
CREATE TABLE `media_types` (
  `id` bigint(20) unsigned NOT NULL AUTO_INCREMENT,
  `name` varchar(255) COLLATE utf8mb4_unicode_ci DEFAULT NULL,
  `created_at` datetime DEFAULT current_timestamp(),
  `updated_at` datetime DEFAULT current_timestamp() ON UPDATE current_timestamp(),
  PRIMARY KEY (`id`)
) ENGINE=InnoDB AUTO_INCREMENT=6 DEFAULT CHARSET=utf8mb4 COLLATE=utf8mb4_unicode_ci;
/*!40101 SET character_set_client = @saved_cs_client */;

--
-- Dumping data for table `media_types`
--

LOCK TABLES `media_types` WRITE;
/*!40000 ALTER TABLE `media_types` DISABLE KEYS */;
INSERT INTO `media_types` VALUES (1,'quia','2007-10-18 13:07:53','1990-02-16 04:54:26'),(2,'voluptas','2014-03-19 18:18:48','2007-10-27 09:38:09'),(3,'voluptatem','1973-04-12 08:33:04','1987-02-01 06:39:20'),(4,'tenetur','1992-09-10 02:40:16','1981-08-27 10:32:11'),(5,'sit','1987-07-22 01:03:43','1973-01-22 15:50:12');
/*!40000 ALTER TABLE `media_types` ENABLE KEYS */;
UNLOCK TABLES;

--
-- Table structure for table `messages`
--

DROP TABLE IF EXISTS `messages`;
/*!40101 SET @saved_cs_client     = @@character_set_client */;
/*!40101 SET character_set_client = utf8 */;
CREATE TABLE `messages` (
  `id` bigint(20) unsigned NOT NULL AUTO_INCREMENT,
  `from_user_id` bigint(20) unsigned NOT NULL,
  `to_user_id` bigint(20) unsigned NOT NULL,
  `body` text COLLATE utf8mb4_unicode_ci DEFAULT NULL,
  `created_at` datetime DEFAULT current_timestamp(),
  PRIMARY KEY (`id`),
  KEY `from_user_id` (`from_user_id`),
  KEY `to_user_id` (`to_user_id`),
  CONSTRAINT `messages_ibfk_1` FOREIGN KEY (`from_user_id`) REFERENCES `users` (`id`) ON DELETE CASCADE ON UPDATE CASCADE,
  CONSTRAINT `messages_ibfk_2` FOREIGN KEY (`to_user_id`) REFERENCES `users` (`id`) ON DELETE CASCADE ON UPDATE CASCADE
) ENGINE=InnoDB AUTO_INCREMENT=101 DEFAULT CHARSET=utf8mb4 COLLATE=utf8mb4_unicode_ci;
/*!40101 SET character_set_client = @saved_cs_client */;

--
-- Dumping data for table `messages`
--

LOCK TABLES `messages` WRITE;
/*!40000 ALTER TABLE `messages` DISABLE KEYS */;
INSERT INTO `messages` VALUES (1,1,1,'Quaerat odio incidunt voluptatum voluptatem. Laboriosam dolorem non tenetur veniam. Tenetur dolores tempora sunt occaecati velit esse. Ut non odit enim quia eos est enim omnis.','2012-05-30 21:44:22'),(2,2,2,'Nulla amet quam excepturi recusandae. Eius vel facilis laudantium quo. Numquam accusamus illo accusantium qui amet repellendus doloribus. Sint reprehenderit autem nam itaque voluptatem.','2009-03-23 21:04:06'),(3,3,3,'Enim beatae minus iure accusantium et est maxime eos. Non saepe optio iste. Rerum maiores numquam aut laborum perspiciatis iste.','1979-09-05 20:51:22'),(4,4,4,'Maxime eveniet consequatur sequi animi omnis est sequi. Id voluptas aperiam nemo. Magni sed sed qui libero cumque.','2009-06-13 22:34:16'),(5,5,5,'Labore molestiae recusandae rerum ducimus ab rem est. Maiores sunt ipsum vel eaque eos alias. Ullam deleniti expedita sint voluptatem. Et voluptatem delectus tenetur corporis consequatur.','1988-08-02 18:48:21'),(6,6,6,'Neque dolorum quaerat eaque laboriosam accusantium repellat nesciunt error. Sit eaque et quia quae nemo asperiores omnis. Qui et est voluptatem fugiat. Ut quo nihil sunt ut soluta accusamus nesciunt. Praesentium recusandae porro ab sit soluta reprehenderit ut.','1986-06-20 04:22:03'),(7,7,7,'Qui impedit omnis quisquam neque illum vero aut ut. Ex officiis qui omnis consequatur non non quae minima. Aliquam at provident voluptatem dolores quisquam. Est voluptates amet ut ut quia dicta.','1980-05-01 20:11:20'),(8,8,8,'Illo magnam nobis odio. Amet et earum ut ipsa ut sit beatae molestiae. Est sit non quis.','2015-02-26 15:08:44'),(9,9,9,'Et error dolorem eos ea omnis est temporibus consectetur. Consequatur laboriosam magnam laborum consequatur perferendis unde quisquam.','1990-01-04 01:00:22'),(10,10,10,'Qui incidunt id placeat dolore ut. Dolorem placeat dolores maxime temporibus eum eos. Rerum temporibus quas aut eos.','2020-07-09 11:39:27'),(11,11,11,'Voluptatem nostrum neque ea delectus temporibus tempore eos. Vero aut voluptas ut eum et aut quae. Temporibus aliquid ut harum harum ipsa velit voluptate.','2006-07-05 03:32:53'),(12,12,12,'Amet occaecati ratione sit beatae. Dolore autem dicta possimus quibusdam saepe sit. Est voluptas sed maxime placeat numquam repudiandae fugit. Neque asperiores amet aspernatur animi optio nemo. Non nostrum et debitis harum quia.','2020-07-05 09:47:43'),(13,13,13,'Voluptatibus et delectus reprehenderit iste aut amet dolorem voluptatem. Vero aliquam quod deserunt et iure. Id commodi sunt veniam sapiente. Ea reprehenderit minus aut voluptatem omnis eos quibusdam sint.','1975-06-12 09:17:53'),(14,14,14,'Quas repudiandae repellat beatae non. Ipsa soluta est fuga occaecati omnis atque. Vitae perferendis accusantium voluptatibus et odio sit et. Aut quia autem porro pariatur culpa.','2021-06-23 05:13:17'),(15,15,15,'Odio accusantium explicabo perspiciatis dolores nostrum corporis libero. Rerum possimus ut ut provident quidem odit. Culpa odit enim cum aperiam id molestiae totam odio.','1981-03-24 16:33:25'),(16,16,16,'Asperiores et quia quas eius tenetur sed. Eos qui nostrum sunt vero rem ea iusto. Quibusdam dolore nesciunt consequuntur tempora voluptate perspiciatis.','1977-02-17 05:43:23'),(17,17,17,'Inventore recusandae aut quia eos beatae. Modi recusandae vel hic amet. Omnis et laborum voluptatem ut tenetur iusto.','2002-01-15 00:58:15'),(18,18,18,'Consequatur reiciendis culpa perspiciatis amet. Qui enim nam quis quia veniam. Temporibus nulla iure qui maxime nesciunt alias maxime accusamus. Et dignissimos repellat enim rem dolores neque. Reiciendis et in labore sunt sit.','2018-05-27 23:22:44'),(19,19,19,'Est maiores qui enim est est qui possimus. Ea harum voluptas dignissimos et.','1975-07-14 06:18:54'),(20,20,20,'Magni saepe eaque cupiditate odio. Suscipit reiciendis repellendus natus et veniam. Facere sed consectetur accusamus quae velit et. Ipsam dolore error quidem adipisci nobis aut.','1994-10-26 04:29:41'),(21,21,21,'Totam eos odit quasi eius beatae optio laudantium sed. Ut est laudantium adipisci nesciunt consequatur. Facere eius facere vel quasi officia et sunt. Ut rerum nihil reiciendis quis eum voluptas.','2006-11-24 18:32:04'),(22,22,22,'Quaerat et corrupti ducimus sint amet. Aliquid ab ullam tenetur consequatur qui corrupti.','1999-05-21 10:02:31'),(23,23,23,'Aut cumque corrupti iusto id amet sunt in. Eos iste possimus ullam aut. Dolores ratione odit explicabo occaecati soluta.','1987-05-07 09:00:44'),(24,24,24,'Nam distinctio non fuga sint. Quia sint nemo enim accusantium eos quas ipsum consectetur. Rem qui a qui quaerat ratione.','1979-11-23 09:33:47'),(25,25,25,'Voluptatem nesciunt architecto nemo repellat. Voluptatum quia id iusto cupiditate occaecati in optio. Recusandae dolores quis quaerat repellendus et molestiae. Molestiae labore voluptatem assumenda eum omnis accusantium enim tempora.','1989-11-27 17:58:56'),(26,26,26,'Aut error rerum qui quia. Saepe perferendis neque numquam vitae est. Quis praesentium corporis ducimus officia.','2013-12-26 09:42:04'),(27,27,27,'Fugiat eveniet saepe sapiente qui. Iure in minus explicabo et ex. Adipisci neque est et dolorem error voluptas.','1996-03-18 20:58:12'),(28,28,28,'Illum laboriosam et quidem qui. In odit ea corrupti doloribus recusandae consequatur. Molestiae minima voluptas dignissimos maiores nesciunt laborum. Adipisci minus et commodi qui officiis et sed ut.','1998-03-06 12:58:30'),(29,29,29,'Quia non qui eius maxime repudiandae ducimus. Hic voluptatem fugit occaecati vero. Qui non veniam unde nemo enim. Nihil adipisci tempora rem est voluptatem.','2010-09-29 16:18:10'),(30,30,30,'Consequatur ipsam harum qui. Illo quod voluptatem porro odio vitae. Aut aut qui eius omnis dolores.','2004-04-10 11:32:42'),(31,31,31,'Ea enim rerum nemo. Illo dolor iste pariatur dignissimos hic. Sit dolorum magni rem voluptas. Est voluptatem incidunt dolore et.','2020-01-04 17:18:19'),(32,32,32,'Nesciunt quam beatae sequi labore. Ullam odio praesentium cupiditate nihil earum voluptatem ipsa. Maxime voluptatum amet quia qui.','2012-06-04 13:16:28'),(33,33,33,'Quia est eveniet vel eos. Qui aut neque ut ipsam saepe eum dolore eveniet. Dolor repellat aut nihil et et.','2019-05-23 16:30:19'),(34,34,34,'Neque quo rerum eaque sequi. Doloribus magni unde ipsam velit sint ipsam numquam. Non alias nam velit praesentium fugiat sit inventore. Esse autem et pariatur aliquid natus.','1981-02-01 23:15:51'),(35,35,35,'Quam quisquam est aspernatur quas excepturi est qui. Consequatur sed dolor excepturi eligendi ut. Aut asperiores quia illum amet et.','2012-06-06 15:26:41'),(36,36,36,'Est voluptatem neque quia commodi. Sed occaecati deserunt est et molestiae nam laboriosam culpa. Et perspiciatis architecto quia aut repellendus placeat.','1978-02-24 09:31:13'),(37,37,37,'Tempore est dolor vel totam asperiores vitae nisi. Itaque eos explicabo accusamus assumenda rerum reiciendis. Laboriosam esse quidem a. Assumenda et ipsum ut sapiente qui vel eveniet.','1995-08-06 11:15:48'),(38,38,38,'Laboriosam architecto velit sint labore soluta autem. Cupiditate odio impedit consequatur qui qui consectetur. Incidunt dolorum sunt quo mollitia.','1999-04-04 03:13:55'),(39,39,39,'Et aut voluptatem ut id quis non dolor. Magni sint nemo a expedita neque maiores. Dolor culpa voluptas at enim. At animi ea voluptatum qui.','2018-04-12 17:26:30'),(40,40,40,'Eligendi enim doloremque consequuntur est amet voluptatum nihil. Aut voluptates placeat sunt mollitia iure aut possimus et. Et doloribus ex aut temporibus sit.','2002-05-17 19:48:39'),(41,41,41,'Nam occaecati maiores fuga quia autem odit ex quia. Numquam ex harum inventore odit et facere. Pariatur consequatur dolores dolores consectetur quae quibusdam dolores ducimus. Eos nemo voluptates dignissimos natus quasi culpa veniam laudantium.','1994-11-21 00:05:18'),(42,42,42,'Sunt molestiae est adipisci sed rerum maxime. Minima officia cupiditate eos officia molestiae omnis. Voluptas ut aliquam commodi magni odit dolorem nobis.','2004-02-11 17:13:23'),(43,43,43,'Dicta ut doloribus deserunt explicabo quia reprehenderit. Et magni et similique vel qui voluptate. Provident fuga nihil voluptate qui minus aspernatur. Possimus deleniti non deleniti minima aut illo.','2004-03-14 21:42:43'),(44,44,44,'Sint quia soluta provident nihil quidem. In id architecto at autem. Molestias dignissimos tenetur expedita omnis rerum. Id molestiae sunt aspernatur repellendus aliquam nobis ut. Nemo autem aut quia aut.','1988-12-03 23:39:53'),(45,45,45,'Quas facilis molestias dignissimos non dolor cupiditate deserunt. Dolores debitis natus facere voluptatem quasi. Rerum ad optio odit eaque laborum.','2015-09-10 12:00:18'),(46,46,46,'Atque nihil modi laboriosam et qui. Nostrum commodi qui enim voluptates accusantium neque saepe natus.','1976-07-13 19:23:17'),(47,47,47,'Occaecati voluptatum veritatis quia laboriosam totam perferendis impedit. Ipsum quas dignissimos eius reprehenderit dolor voluptas adipisci. Sit excepturi a rerum laborum ut libero dolor.','1988-09-12 11:32:31'),(48,48,48,'Dolor ut et et aliquid hic veritatis itaque quis. Numquam quis ut fugiat modi corporis. Modi odit qui dolorem ipsam. Iste qui velit commodi non natus voluptate explicabo.','2005-10-15 17:38:13'),(49,49,49,'Est saepe unde necessitatibus et. Quia dolores voluptatum maxime rerum adipisci qui doloribus. Officia asperiores nemo a fuga. Dolorem atque dicta est omnis voluptate quos. Sequi omnis eos corporis aut sit.','1975-08-11 04:46:42'),(50,50,50,'Architecto ipsum exercitationem et ullam adipisci libero. Odit repellendus eos cum doloremque libero. Quo harum incidunt asperiores rerum.','1982-01-26 16:55:21'),(51,51,51,'Beatae iste libero corporis dicta dicta velit fugiat. Quaerat est explicabo quo consequatur non quo. Quo et perferendis eum. Temporibus incidunt et possimus voluptatem similique dolor ad. Architecto doloremque blanditiis sed rerum nihil tempore quos.','1997-06-03 08:57:05'),(52,52,52,'Unde voluptas ut maiores unde repellat incidunt. Non aut iusto distinctio. Impedit dolorum qui nostrum eos.','1994-05-05 04:10:39'),(53,53,53,'Quasi rerum nostrum ipsum fuga ex consequatur. Beatae totam sed sed ut voluptas quam repellat. Reprehenderit id magnam aut dolorem magni possimus sed unde. Excepturi et sunt sed id quia.','2005-09-23 17:15:35'),(54,54,54,'Magni quasi et et ut perferendis. Iusto est occaecati sapiente eum dolorem enim unde molestiae. Sint qui qui impedit fugit labore eum veniam.','1971-09-13 03:40:30'),(55,55,55,'Corporis inventore architecto dolor cupiditate. Culpa sapiente voluptatum sit qui.','2009-03-04 03:29:00'),(56,56,56,'Culpa beatae sequi omnis minus ut voluptates. Voluptatibus quae voluptatum dignissimos dolores. Adipisci ipsum optio quasi sit.','2011-01-27 23:35:33'),(57,57,57,'Qui voluptas et recusandae optio alias velit ut. Et dolorem ipsam quibusdam consectetur in dignissimos voluptas. Magni consectetur et expedita voluptates vitae quis.','1979-01-10 09:07:51'),(58,58,58,'Libero veritatis iure quidem. Non debitis maxime et nisi provident iusto qui in.','1985-03-30 22:42:06'),(59,59,59,'Voluptatum aut veniam aliquam aliquam veniam nostrum consequuntur autem. Officia itaque nihil quos voluptas quia. Fugiat sit non aspernatur maiores quia itaque. Sunt sunt architecto dicta.','2016-11-18 11:09:28'),(60,60,60,'Explicabo consequatur ut dolorem est ut. Recusandae aliquid suscipit sit et voluptatem illum et. Neque eos suscipit velit inventore. Aut praesentium nisi deserunt.','2005-03-01 17:51:00'),(61,61,61,'Repellendus dolores excepturi ut odit ea nesciunt qui. Quaerat minus et quas maiores. Et sit quia laborum dolorem laborum.','1981-01-31 19:48:43'),(62,62,62,'Aut et molestias voluptatum et ipsa cupiditate sunt. Quae est vel id beatae. Doloribus pariatur qui ut fuga facilis velit. Autem enim est vitae corporis qui amet sapiente.','2012-03-07 16:06:44'),(63,63,63,'Ipsum accusamus asperiores nemo quod. Quis temporibus eum omnis eius dolorum. Dicta tenetur excepturi quae repudiandae ut. Nemo facilis neque non voluptatem rerum.','2015-08-21 01:41:23'),(64,64,64,'Sed tenetur est eum mollitia dolor. Voluptatum molestiae autem sunt qui libero.','1983-09-10 23:25:13'),(65,65,65,'Voluptatem corporis delectus voluptas harum. Et neque et libero. Quidem occaecati inventore ipsum non laborum molestiae.','1980-10-25 20:00:42'),(66,66,66,'Quae in soluta dignissimos est. Veritatis est nihil aperiam veniam qui nostrum. Voluptas consequuntur quaerat dignissimos velit et. Tempora vel a libero.','2004-10-16 09:51:08'),(67,67,67,'Vel consectetur repellat consectetur dolor temporibus magnam expedita. Sed dolorum saepe consequatur nihil odio dolores non. Sed at eligendi omnis accusantium et ut consequatur. Totam accusantium laborum tempora aperiam harum molestias aliquid qui.','2003-10-18 07:13:04'),(68,68,68,'Ut amet error at qui tempore vitae ipsam. Temporibus quis dignissimos voluptas assumenda ut. Ducimus blanditiis ut soluta aut voluptatem laborum. Eos soluta fuga autem numquam alias.','2002-06-29 04:02:40'),(69,69,69,'Quia aut optio consequatur animi quia distinctio ad. Corporis recusandae molestiae voluptatem qui. Illo ipsam dolores totam voluptatum. Commodi et minus qui eaque nihil.','2020-07-09 23:22:23'),(70,70,70,'Illum consequatur quia voluptatibus modi sed eos. Possimus sed quis delectus magni illum sed officiis sit. Id expedita dolores nihil nostrum quia. Dignissimos nisi et ab sunt quaerat.','2019-05-06 11:40:51'),(71,71,71,'Laboriosam ut culpa omnis quos. Provident laudantium vel pariatur quibusdam delectus sapiente. Non nostrum praesentium officiis voluptatem sint deleniti sint. Adipisci quidem voluptatem harum ex pariatur vel voluptatem omnis. Dolor eaque ut adipisci culpa.','1979-08-14 06:37:16'),(72,72,72,'Reiciendis tempore tenetur quia facere quisquam facilis. Voluptatibus deleniti minus laborum voluptatem dolores reprehenderit. Et ut ut assumenda voluptatem ipsum iusto ut. Dolorem tenetur deleniti eos laudantium dolorem.','2009-12-01 02:28:56'),(73,73,73,'Aut rem facilis adipisci reiciendis dolorem saepe. Omnis consequuntur error odio quo vel. Qui laborum dolorem est molestias labore tempora libero unde.','1972-09-12 17:44:45'),(74,74,74,'Aut voluptas nisi iusto itaque qui eos non. A et perspiciatis asperiores veritatis voluptatibus recusandae. Ut fuga velit perspiciatis nisi fugit voluptatibus. Laboriosam id voluptatum modi.','1988-04-30 16:03:24'),(75,75,75,'Quibusdam delectus delectus vitae ea. Quod quia perspiciatis ab voluptas iusto est enim illum. Aliquam natus ut aut in dolore voluptatibus beatae. Ipsum sed voluptatem enim culpa eos et.','2001-12-03 09:09:44'),(76,76,76,'Officia blanditiis veniam est aliquid id sint eos. Ad veniam est molestiae tempora eos quia eos. Minus labore sint sunt aut qui soluta non. Tempora sit libero eum voluptatem ut facere.','1983-02-23 20:31:28'),(77,77,77,'Doloribus velit tempore at ut. Sit deserunt sunt vel magni facilis deserunt nostrum cum. Voluptate labore tenetur voluptatem et consequatur.','2010-04-11 22:16:03'),(78,78,78,'Voluptatem quidem aut sequi harum. Eos ut non quia sint adipisci debitis reiciendis. Qui amet dolorem provident iste eius quae et alias.','1992-05-18 00:26:46'),(79,79,79,'Autem magnam voluptatibus sed eum qui nihil. Porro aut aliquam repellendus ut quia id voluptatem. Repellat ad sint magni totam sit corrupti voluptate et. Necessitatibus sint blanditiis voluptas odit.','1993-04-15 00:06:05'),(80,80,80,'Pariatur nam similique aut occaecati et doloribus veniam veritatis. Tempora dolor sit quia iste autem suscipit. Repellendus repudiandae at deleniti saepe quibusdam nesciunt quis.','2014-05-31 07:01:48'),(81,81,81,'Aut et sed qui occaecati. Dolor et sit necessitatibus omnis error rerum.','2021-07-21 10:24:44'),(82,82,82,'Officiis unde quibusdam cum animi. Iusto nobis odio perspiciatis rerum.','1995-04-26 07:34:33'),(83,83,83,'Atque dolor odio quas dignissimos. Ullam reiciendis doloremque exercitationem quia placeat eveniet culpa. Autem laboriosam ab consectetur nulla qui pariatur optio.','2006-09-22 00:57:48'),(84,84,84,'Nostrum numquam deleniti vero. Maxime aut et officiis nisi omnis. Enim soluta harum sit et ratione velit molestias. Vel illum laborum nisi autem sed sit.','1980-05-29 02:57:19'),(85,85,85,'Illum similique itaque quas. Cum vitae autem id adipisci assumenda in recusandae.','2014-01-07 02:09:32'),(86,86,86,'Voluptate praesentium non ut architecto quaerat nemo dolorum. Modi commodi possimus magni nemo dolorum aut excepturi. Quia soluta earum tempora est voluptates quisquam doloribus. Doloribus dolor eveniet dolor commodi quod dolor voluptas.','2000-09-21 09:31:54'),(87,87,87,'Incidunt fugit qui omnis omnis. Minus doloribus accusantium quia soluta fugiat eaque recusandae.','2014-05-12 01:54:38'),(88,88,88,'Rerum tempore voluptatem nam qui. Ut iure voluptas ab quidem. Minima quas quae natus cumque pariatur.','2018-07-02 15:20:02'),(89,89,89,'Numquam adipisci voluptatibus molestias. Recusandae quas unde vero corporis quidem tempora vitae. Ipsa enim alias laudantium sunt dicta.','1990-07-10 02:20:00'),(90,90,90,'Eius et cum et et. Qui possimus pariatur nemo. Nihil exercitationem cumque soluta aut iure eaque omnis. Et quia ullam vel ut.','1998-02-05 20:54:35'),(91,91,91,'Ipsam veritatis quia sint molestias nihil. Voluptatibus unde est accusamus quam quidem est et. Laborum ipsa totam amet qui.','2016-07-28 03:17:59'),(92,92,92,'Qui dolore et aut. Cumque est enim debitis nihil autem autem minima. Id debitis voluptas vel in. Nemo eligendi voluptatibus aut nisi quisquam sit et nesciunt.','2007-07-29 19:49:40'),(93,93,93,'Consequuntur sit fugiat est exercitationem impedit est amet. Autem accusantium non iure reiciendis expedita. Dolores et rerum quia asperiores.','2005-05-03 20:27:55'),(94,94,94,'Enim ut fugit sint exercitationem. Qui sunt dolores vitae reiciendis accusantium doloremque laudantium.','1976-12-01 22:30:12'),(95,95,95,'Quo dolore nemo totam magni laudantium voluptas dignissimos libero. Et excepturi totam sequi blanditiis corporis. In omnis tenetur consectetur quaerat quod mollitia.','1980-04-26 16:35:59'),(96,96,96,'Alias ullam sit alias nesciunt labore quod id eligendi. Sit sit cupiditate iusto quo quisquam hic aperiam provident. Fuga amet voluptatibus eius ut. Minima sed debitis architecto sed velit omnis rerum.','2016-05-06 15:33:11'),(97,97,97,'A vel et atque ipsa. Harum dolorum beatae officia blanditiis autem. Voluptate dolores ut dignissimos nobis itaque.','2003-04-27 22:32:15'),(98,98,98,'Possimus dolorum suscipit quia earum. Similique et in voluptatum voluptas adipisci dolorem. Sit eveniet enim aliquid assumenda. Est exercitationem modi in laboriosam necessitatibus est ipsa nemo.','1978-04-27 08:42:09'),(99,99,99,'Illo eligendi sed atque quod nam eligendi voluptate. Quasi quia laborum totam neque libero quae laboriosam est. Error adipisci ipsum laboriosam autem tenetur occaecati. Ipsum sit labore et in dolores inventore. Molestiae facilis repudiandae ut exercitationem ea possimus.','2013-02-08 23:05:39'),(100,100,100,'Cupiditate accusamus doloribus nam explicabo. Aspernatur quam accusamus vel aut voluptas similique.','1985-05-24 19:55:55');
/*!40000 ALTER TABLE `messages` ENABLE KEYS */;
UNLOCK TABLES;

--
-- Table structure for table `photo_albums`
--

DROP TABLE IF EXISTS `photo_albums`;
/*!40101 SET @saved_cs_client     = @@character_set_client */;
/*!40101 SET character_set_client = utf8 */;
CREATE TABLE `photo_albums` (
  `id` bigint(20) unsigned NOT NULL AUTO_INCREMENT,
  `name` varchar(255) COLLATE utf8mb4_unicode_ci DEFAULT NULL,
  `user_id` bigint(20) unsigned DEFAULT NULL,
  PRIMARY KEY (`id`),
  UNIQUE KEY `id` (`id`),
  KEY `user_id` (`user_id`),
  CONSTRAINT `photo_albums_ibfk_1` FOREIGN KEY (`user_id`) REFERENCES `users` (`id`) ON DELETE SET NULL ON UPDATE CASCADE
) ENGINE=InnoDB AUTO_INCREMENT=11 DEFAULT CHARSET=utf8mb4 COLLATE=utf8mb4_unicode_ci;
/*!40101 SET character_set_client = @saved_cs_client */;

--
-- Dumping data for table `photo_albums`
--

LOCK TABLES `photo_albums` WRITE;
/*!40000 ALTER TABLE `photo_albums` DISABLE KEYS */;
INSERT INTO `photo_albums` VALUES (1,'consequatur',1),(2,'similique',2),(3,'cumque',3),(4,'sint',4),(5,'quis',5),(6,'aut',6),(7,'ratione',7),(8,'ex',8),(9,'rerum',9),(10,'saepe',10);
/*!40000 ALTER TABLE `photo_albums` ENABLE KEYS */;
UNLOCK TABLES;

--
-- Table structure for table `photos`
--

DROP TABLE IF EXISTS `photos`;
/*!40101 SET @saved_cs_client     = @@character_set_client */;
/*!40101 SET character_set_client = utf8 */;
CREATE TABLE `photos` (
  `id` bigint(20) unsigned NOT NULL AUTO_INCREMENT,
  `album_id` bigint(20) unsigned NOT NULL,
  `media_id` bigint(20) unsigned NOT NULL,
  PRIMARY KEY (`id`),
  KEY `album_id` (`album_id`),
  KEY `media_id` (`media_id`),
  CONSTRAINT `photos_ibfk_1` FOREIGN KEY (`album_id`) REFERENCES `photo_albums` (`id`) ON DELETE CASCADE ON UPDATE CASCADE,
  CONSTRAINT `photos_ibfk_2` FOREIGN KEY (`media_id`) REFERENCES `media` (`id`) ON DELETE CASCADE ON UPDATE CASCADE
) ENGINE=InnoDB AUTO_INCREMENT=201 DEFAULT CHARSET=utf8mb4 COLLATE=utf8mb4_unicode_ci;
/*!40101 SET character_set_client = @saved_cs_client */;

--
-- Dumping data for table `photos`
--

LOCK TABLES `photos` WRITE;
/*!40000 ALTER TABLE `photos` DISABLE KEYS */;
INSERT INTO `photos` VALUES (101,1,1),(102,2,2),(103,3,3),(104,4,4),(105,5,5),(106,6,6),(107,7,7),(108,8,8),(109,9,9),(110,10,10);
/*!40000 ALTER TABLE `photos` ENABLE KEYS */;
UNLOCK TABLES;

--
-- Table structure for table `profiles`
--

DROP TABLE IF EXISTS `profiles`;
/*!40101 SET @saved_cs_client     = @@character_set_client */;
/*!40101 SET character_set_client = utf8 */;
CREATE TABLE `profiles` (
  `user_id` bigint(20) unsigned NOT NULL AUTO_INCREMENT,
  `gender` char(1) COLLATE utf8mb4_unicode_ci DEFAULT NULL,
  `birthday` date DEFAULT NULL,
  `photo_id` bigint(20) unsigned DEFAULT NULL,
  `created_at` datetime DEFAULT current_timestamp(),
  `hometown` varchar(100) COLLATE utf8mb4_unicode_ci DEFAULT NULL,
  PRIMARY KEY (`user_id`),
  KEY `fk_photo_id` (`photo_id`),
  CONSTRAINT `fk_photo_id` FOREIGN KEY (`photo_id`) REFERENCES `photos` (`id`) ON DELETE SET NULL ON UPDATE CASCADE,
  CONSTRAINT `fk_user_id` FOREIGN KEY (`user_id`) REFERENCES `users` (`id`) ON DELETE CASCADE ON UPDATE CASCADE
) ENGINE=InnoDB AUTO_INCREMENT=101 DEFAULT CHARSET=utf8mb4 COLLATE=utf8mb4_unicode_ci;
/*!40101 SET character_set_client = @saved_cs_client */;

--
-- Dumping data for table `profiles`
--

LOCK TABLES `profiles` WRITE;
/*!40000 ALTER TABLE `profiles` DISABLE KEYS */;
INSERT INTO `profiles` VALUES (1,'w','2009-09-15',101,'1996-04-27 18:14:15',NULL),(2,'w','2002-01-06',102,'1980-04-27 01:21:58',NULL),(3,'w','1990-01-13',103,'1993-10-13 14:16:11',NULL),(4,'w','2005-02-17',104,'2018-10-11 00:51:34',NULL),(5,'w','2018-03-24',105,'1979-11-09 19:48:39',NULL),(6,'m','1978-05-26',106,'1980-12-28 10:23:26',NULL),(7,'w','2019-06-10',107,'1973-03-22 10:46:28',NULL),(8,'w','1984-08-03',108,'2005-12-03 19:56:29',NULL),(9,'w','1999-11-26',109,'1998-12-01 11:35:11',NULL),(10,'w','1977-03-17',110,'2006-04-04 22:14:15',NULL),(11,'m','2017-08-30',101,'1974-05-26 18:33:48',NULL),(12,'w','2008-09-27',102,'1990-10-29 15:34:21',NULL),(13,'w','1981-07-10',103,'2013-05-13 23:55:28',NULL),(14,'w','1991-05-29',104,'1971-05-07 03:46:49',NULL),(15,'m','1987-03-20',105,'2011-10-20 10:20:34',NULL),(16,'w','1980-03-25',106,'2012-02-05 07:23:19',NULL),(17,'m','1979-03-26',107,'1975-04-28 17:17:38',NULL),(18,'m','1996-03-05',108,'1990-08-13 02:42:38',NULL),(19,'m','2020-03-20',109,'1972-08-31 19:19:02',NULL),(20,'m','1993-12-17',110,'1982-10-19 08:28:39',NULL),(21,'w','1971-12-22',101,'2001-10-11 19:57:56',NULL),(22,'m','2019-09-07',102,'1982-02-17 22:14:43',NULL),(23,'w','1985-11-17',103,'1989-08-08 10:09:42',NULL),(24,'w','1978-11-14',104,'1997-07-26 17:27:48',NULL),(25,'m','1994-01-20',105,'1997-06-11 03:43:37',NULL),(26,'w','1998-01-11',106,'2009-03-09 20:05:29',NULL),(27,'w','1983-03-17',107,'1977-08-08 03:41:40',NULL),(28,'w','2006-10-27',108,'1975-07-14 16:35:19',NULL),(29,'w','1975-04-08',109,'1976-07-31 22:09:32',NULL),(30,'m','1992-01-24',110,'2010-01-24 16:49:06',NULL),(31,'m','1990-09-14',101,'1974-09-09 01:47:14',NULL),(32,'m','1980-01-26',102,'1982-07-25 00:58:44',NULL),(33,'w','2016-11-26',103,'2021-09-21 10:09:44',NULL),(34,'w','2009-10-29',104,'1988-10-01 23:24:43',NULL),(35,'m','1974-09-10',105,'2021-12-01 21:32:53',NULL),(36,'w','1992-09-15',106,'1997-03-14 05:22:11',NULL),(37,'m','1993-08-03',107,'1989-12-30 07:49:56',NULL),(38,'w','1984-06-12',108,'2009-08-19 03:38:48',NULL),(39,'w','1999-02-25',109,'1988-08-21 15:35:50',NULL),(40,'w','1979-11-21',110,'1978-01-16 09:35:49',NULL),(41,'w','2006-12-06',101,'1971-08-23 03:29:23',NULL),(42,'m','1996-07-25',102,'1986-03-19 22:25:55',NULL),(43,'w','1993-10-02',103,'1970-07-27 02:48:16',NULL),(44,'w','1983-03-01',104,'1990-11-22 07:43:14',NULL),(45,'m','2016-04-22',105,'2013-12-28 12:25:59',NULL),(46,'w','1974-12-21',106,'1973-12-20 18:35:52',NULL),(47,'w','1970-09-16',107,'1982-10-02 04:48:35',NULL),(48,'w','1988-04-20',108,'2017-09-16 11:55:48',NULL),(49,'m','2002-02-13',109,'2015-12-23 09:49:07',NULL),(50,'m','1978-12-10',110,'1977-03-04 14:27:18',NULL),(51,'m','1973-03-06',101,'2001-11-21 04:09:03',NULL),(52,'m','1980-08-15',102,'1988-11-05 03:31:50',NULL),(53,'w','2021-11-04',103,'1992-01-09 17:24:28',NULL),(54,'m','1980-11-02',104,'1989-11-24 21:31:09',NULL),(55,'w','1970-07-25',105,'2010-12-25 15:10:12',NULL),(56,'m','1982-05-22',106,'1972-05-18 11:38:11',NULL),(57,'w','1994-10-03',107,'1971-10-16 13:03:48',NULL),(58,'w','2016-03-08',108,'2014-08-14 04:54:42',NULL),(59,'w','1971-11-28',109,'1992-07-25 17:11:19',NULL),(60,'w','1974-09-23',110,'1973-02-16 16:25:40',NULL),(61,'m','1978-11-13',101,'2020-09-01 12:08:24',NULL),(62,'m','1973-07-01',102,'1999-04-25 16:37:57',NULL),(63,'m','1972-03-25',103,'2017-08-03 09:14:36',NULL),(64,'m','1997-06-25',104,'1974-06-23 10:40:28',NULL),(65,'m','2015-09-02',105,'1992-01-09 03:30:16',NULL),(66,'m','1995-08-20',106,'1984-03-31 06:02:14',NULL),(67,'w','1986-12-10',107,'1988-09-05 08:33:01',NULL),(68,'w','2008-09-11',108,'1990-07-30 18:57:44',NULL),(69,'w','1990-12-21',109,'1992-03-15 05:38:07',NULL),(70,'w','1994-10-11',110,'1999-05-03 23:37:18',NULL),(71,'m','1988-05-31',101,'1971-06-19 11:04:30',NULL),(72,'m','2000-03-08',102,'1991-11-11 00:40:56',NULL),(73,'w','1984-07-09',103,'2004-06-10 18:08:28',NULL),(74,'m','1990-06-10',104,'1989-04-02 15:07:26',NULL),(75,'m','1999-12-22',105,'1985-03-25 04:43:49',NULL),(76,'w','2020-01-05',106,'1975-03-16 15:46:52',NULL),(77,'m','1982-05-06',107,'1989-10-01 00:18:20',NULL),(78,'m','2020-10-11',108,'1984-07-18 14:20:58',NULL),(79,'w','1981-11-05',109,'2008-06-20 18:32:25',NULL),(80,'w','1988-04-10',110,'1984-02-25 17:00:55',NULL),(81,'w','2010-10-16',101,'1975-02-17 14:25:48',NULL),(82,'w','1994-11-10',102,'1970-08-10 18:37:51',NULL),(83,'m','1997-04-01',103,'1982-08-06 00:56:40',NULL),(84,'m','2011-11-28',104,'2017-05-19 14:09:58',NULL),(85,'w','1976-04-21',105,'1994-07-29 18:57:39',NULL),(86,'w','1978-09-18',106,'1972-02-10 05:31:51',NULL),(87,'m','1993-06-20',107,'2000-09-02 00:24:24',NULL),(88,'m','2001-02-10',108,'2013-04-27 03:16:55',NULL),(89,'w','1970-09-21',109,'1975-05-22 17:54:02',NULL),(90,'m','1995-03-31',110,'1971-11-30 17:19:22',NULL),(91,'w','1991-02-11',101,'1995-04-14 04:21:49',NULL),(92,'m','1979-02-28',102,'1986-03-04 01:10:24',NULL),(93,'m','1989-10-10',103,'1981-09-12 21:47:44',NULL),(94,'m','2015-08-18',104,'1989-03-29 11:11:36',NULL),(95,'m','1985-04-24',105,'1984-03-09 11:19:47',NULL),(96,'w','2013-04-30',106,'2014-12-15 02:18:29',NULL),(97,'w','2017-11-05',107,'1972-06-27 17:42:19',NULL),(98,'m','1972-06-11',108,'2002-08-19 12:20:23',NULL),(99,'m','1981-04-05',109,'1991-01-02 05:02:22',NULL),(100,'m','1993-10-30',110,'2011-05-04 01:47:07',NULL);
/*!40000 ALTER TABLE `profiles` ENABLE KEYS */;
UNLOCK TABLES;

--
-- Table structure for table `users`
--

DROP TABLE IF EXISTS `users`;
/*!40101 SET @saved_cs_client     = @@character_set_client */;
/*!40101 SET character_set_client = utf8 */;
CREATE TABLE `users` (
  `id` bigint(20) unsigned NOT NULL AUTO_INCREMENT,
  `firstname` varchar(100) COLLATE utf8mb4_unicode_ci DEFAULT NULL,
  `lastname` varchar(100) COLLATE utf8mb4_unicode_ci DEFAULT NULL COMMENT 'Фамилия',
  `email` varchar(100) COLLATE utf8mb4_unicode_ci DEFAULT NULL,
  `password_hash` varchar(100) COLLATE utf8mb4_unicode_ci DEFAULT NULL,
  `phone` bigint(20) DEFAULT NULL,
  `is_deleted` bit(1) DEFAULT b'0',
  PRIMARY KEY (`id`),
  UNIQUE KEY `email` (`email`),
  KEY `users_firstname_lastname_idx` (`firstname`,`lastname`)
) ENGINE=InnoDB AUTO_INCREMENT=101 DEFAULT CHARSET=utf8mb4 COLLATE=utf8mb4_unicode_ci;
/*!40101 SET character_set_client = @saved_cs_client */;

--
-- Dumping data for table `users`
--

LOCK TABLES `users` WRITE;
/*!40000 ALTER TABLE `users` DISABLE KEYS */;
INSERT INTO `users` VALUES (1,'Macy','Hayes','danyka.grimes@example.org','9e7bb5c5077b45fbb09ef4c36afd0976efe05d7e',992610096,'\0'),(2,'Juston','Padberg','delta27@example.com','c3a28fb3ddb2a79a0b4cec8b97f82bdeb2497bd6',996759720,'\0'),(3,'Bailey','Zieme','djaskolski@example.org','c5da3258bd309e74b55019c58c01cac3132da97d',992513556,''),(4,'Arvilla','Kirlin','eleanora01@example.com','07b326c1bc1cd7ba98747fa2bfb98ab13840db7a',989023653,'\0'),(5,'Kira','Mante','enoch.streich@example.com','0780e5c36f453dfa59e00cfb7993f1927afabd23',992460832,''),(6,'Carlo','Gorczany','runolfsson.cale@example.org','8f7a1cb472bfbbd1a330794b8700db2c0686fe6f',998049072,''),(7,'Sienna','Lueilwitz','auer.leanne@example.org','454e231faa92eaa1ec31af84fc9101171b712db0',997898525,''),(8,'Sydni','Langosh','denesik.bernice@example.com','9da935c4ab13fe3ba793c1779df75b5c84ff780d',992763272,'\0'),(9,'Jacinthe','Weissnat','keeley12@example.com','7e16f1aa87ffb2c0b14a2af97e306933a10a7222',988329067,'\0'),(10,'Arjun','Rau','christ.kemmer@example.org','c183b1ffcec95adb64fbb4e5338bccd3284fc7ec',999689198,'\0'),(11,'Rylee','Wunsch','joaquin37@example.org','bd877bf12e91d475dc3419e9b93472b5d3fccb10',992087003,''),(12,'Melvin','Conroy','auer.ethyl@example.com','0fd9be76f56d0cd905fb0ad646507df2e5f6cdf8',999158829,'\0'),(13,'Daisha','Vandervort','juana.turcotte@example.org','da590d39fb7cccd6b7e630510245b80e2f5bda39',995678632,''),(14,'Lenna','Feil','urohan@example.net','0b357f1045e8f6a7951728a315ce4b19d0136e38',997021211,''),(15,'Archibald','Lind','rankunding@example.com','d4b0ca2d7236fa5a66041ce9e5eadbadcc703d02',998361491,'\0'),(16,'Adrain','Schumm','mckenzie.kirlin@example.org','a8517772a3b6072d62366375e6a14f476694bfdd',995207854,''),(17,'Zoie','Wyman','rhianna85@example.com','cda0336e0e34a08c0cf2ea43b4ef95386ba8c9a6',990170800,'\0'),(18,'Clementine','Zemlak','gibson.kristin@example.com','cfe718ecc3b772d3d0f0b0ce9cbd6285b22f1064',990932550,''),(19,'Brooklyn','Wyman','anjali53@example.net','ea1bf7c929c157cf81f257e0099ae34b4b1f3b00',991000613,''),(20,'Celine','Hartmann','williamson.marcelina@example.net','d8ceb6caa12774896019e75a2dc35f2b5a6f7575',997861441,'\0'),(21,'Weldon','Luettgen','akeem28@example.com','d0e45fd3f7a25d30b6619dc26094ebfd518932ec',993794572,''),(22,'Tanya','Jerde','quitzon.jessika@example.net','2aebb7ee2afe1fd8d31d8cda9b36398886462218',989426214,''),(23,'Jamar','O\'Conner','jadon.o\'reilly@example.com','f83e8bb6b4a059fdc299aeadc483209909d71bfe',995418980,'\0'),(24,'Emil','Sipes','jaskolski.leopoldo@example.net','c9e9b35f2977854d2f7ca8e1a722ecd2c4c73659',999181344,'\0'),(25,'Madalyn','Kertzmann','patrick68@example.org','1a44b51c50bb71940cea0c341d8723362e42dbee',997081069,''),(26,'Robb','Huels','bcarroll@example.net','9575d81ae2b221385959fc534935d08392eed324',997078192,''),(27,'Brenda','Wisoky','wuckert.melody@example.net','770da878858bdf515e34590bb211dbd44032c7fa',994481423,''),(28,'Philip','Barrows','baron.beatty@example.net','b26558c049cbe8a6ba2b0e6f44d13e8c4f4dc056',999766784,'\0'),(29,'Jayce','Russel','whermann@example.org','2cef6efeb8611fefdd865fb965546a92e2f70ee2',990084518,'\0'),(30,'Mariano','Hintz','dstrosin@example.com','506c6ec04f2b06b665cf8270454ad0fd6c5ad1c4',992021587,'\0'),(31,'Dewayne','Boyle','cyril33@example.org','4fa76876b63a1437a9851b51446a0fcf29dc4e00',991785110,'\0'),(32,'Ferne','Haley','hodkiewicz.jordan@example.net','424794e5c801429aff20b4a618c07b0cbc77dbae',993561377,'\0'),(33,'Jordan','Hodkiewicz','rodrick12@example.org','b39ce8a5ef95507ec6936a20d956c0f058abaf1c',991931528,'\0'),(34,'Vena','Mertz','nedra.o\'connell@example.net','c196538e7259740176e5e356f92fe25b248bc0b7',998176725,''),(35,'Reuben','Jenkins','brad16@example.org','7ef87f6621333712ee469b69bc06f6e95791bf9b',999186576,''),(36,'Chanelle','Ledner','hmetz@example.org','dca0485e12a781c72c177c3de0f21b6107f66027',999782408,'\0'),(37,'Agnes','Fahey','dschiller@example.org','b5001a9770df8e0b74fe94fe38958b933ebaa01b',996486575,'\0'),(38,'Amani','Nitzsche','marlee.hartmann@example.org','10ad2a061fbec4c5d678ac4cd9be2575f85351fc',990506804,'\0'),(39,'Axel','Corkery','eadams@example.com','0041bd0b95c9d8500603723ba121322759441031',994254343,'\0'),(40,'Ulices','Stamm','loma80@example.com','889d4d0f92a86e51677f96e07805052fbc56b803',994124506,'\0'),(41,'Alverta','Kassulke','xfay@example.com','25b8ca31eb8999491f1d60d8e3e8d54427aae314',996000264,'\0'),(42,'Wiley','Will','schaefer.lucienne@example.net','a2540c393d72f3550ae2efc96731f49d54da59fd',998582858,''),(43,'Kane','Goldner','aspencer@example.com','134b71add699cf536d873b810babbc4ab14356d8',993540427,'\0'),(44,'Dannie','Zieme','harris.camron@example.com','757f3bfcb545f638a20a08a4e29b5d9530bad68f',997042510,'\0'),(45,'Frederick','VonRueden','jeremy.d\'amore@example.org','bfd13104b5beec12bf0fd7d8b335af8ae692496f',992436570,'\0'),(46,'Edwina','Wintheiser','mckenzie.bryon@example.com','0104ee85d5b8455308b8a86fed72a96f6b2cc53d',998730628,''),(47,'Linda','Bayer','hulda32@example.org','1a07c568f6c5955306ad494ac6ef85bc6fb319fd',994939697,''),(48,'Demond','Gulgowski','dgreenholt@example.net','9f6e088bc425e07397decf1312af15d16b94786e',996303330,''),(49,'Laura','Lowe','hryan@example.net','013259b61fa42fe7377f9ae692615a0b45fe43de',994526426,'\0'),(50,'Geovanny','Raynor','gutmann.joseph@example.org','8605182feb8be5b13f580cc448cc3d9e04e8619a',988412332,''),(51,'Kellen','Dare','conn.conor@example.net','bd3438f7b373a106e068f460278af1b6c0d4cdeb',992255437,'\0'),(52,'Nia','Nienow','xmayert@example.net','87b947e76d57e54a05ac6f70bdc29d2542341fea',992836221,'\0'),(53,'Cheyanne','Howell','xkunde@example.com','14f81d67532dd0252010d5056bebee5fb2829546',991649773,'\0'),(54,'Hazel','Toy','ortiz.aurelie@example.com','6cc678d51271cab509ace39ac2ad01bfc2c4b816',995573407,'\0'),(55,'Newton','McLaughlin','fwintheiser@example.net','f8a62ce8d5debdc42717385796286a106a17db7b',994147238,''),(56,'Jason','Leuschke','adah.purdy@example.com','240c8482abcc29de76e3071618f77da7579a6c8e',995002754,'\0'),(57,'Dee','Stiedemann','reichel.clarissa@example.org','3656e7bfad9630681ffba325fff5eef420ac2b1f',993339785,'\0'),(58,'Casper','Legros','jena37@example.com','175532d02faaf01830c83b51262a454d2ca458c6',988734745,'\0'),(59,'Tracy','Paucek','annabel.o\'reilly@example.org','38733c51cca9788b7d45a319cc2ebda099013ee6',994731208,''),(60,'Eino','Haley','feeney.justine@example.org','2b54a093edda8e176ea00898a9980381ed3188f5',997380944,'\0'),(61,'Richard','Jacobson','mwiegand@example.org','aa9f876758983b9815ff617efa5c3acc8a43a420',998890353,'\0'),(62,'Jerome','Tromp','muriel20@example.net','6517284bfc22953f8ca39f3285f755990a6448da',996514405,'\0'),(63,'Marlon','Tremblay','reed.legros@example.com','7feb59c3b8515cb069792b6bcaab27f5e4483eb7',995773500,''),(64,'Delphine','Kunde','kozey.nasir@example.net','901339b22f6e7c685c5887a2c29996e81e306a11',996706937,'\0'),(65,'Modesta','Price','ukub@example.com','30e7e901bcec3cd91aec3eb356664b8f7691e952',992240280,''),(66,'Eddie','Emmerich','ylarkin@example.net','78c2e0a20a41f524a981f4127365f5803b005739',992931270,''),(67,'Meghan','Goodwin','bayer.tyra@example.net','f36cda46b5bced3a653f7d6facff1129c0deeb37',990940846,'\0'),(68,'Mazie','Bashirian','gkulas@example.net','cca62c42940c2591054efca693f567ae7352b03b',996431798,''),(69,'Lera','Barton','jcormier@example.org','bb6cc582504fdaeee92325b7c48ea57e605aa793',998796539,'\0'),(70,'Rubie','Braun','russel.maci@example.org','9c74a923d7ede8125ae99e1529cc7ffc87b0554c',992664879,''),(71,'Nelson','Marks','kathryn.reichert@example.org','dabfefb18e3dfb60be8e904c0dff38cfc7346900',996345901,''),(72,'Myra','Terry','zboncak.bobbie@example.org','a1c8be492de0dec796e6cc7cc768d221ad1811fd',989580530,''),(73,'Piper','Marks','amanda93@example.org','56044eb77bf10f6a849c5a00d2a1037b77c2c8eb',992079466,'\0'),(74,'Chadrick','Blanda','cora49@example.net','9cb34af9843f03ae7c7991d1b5eaafca3bee5b0b',997634364,''),(75,'Ruthe','Von','sydney18@example.com','3d4d97ab7a91956b79af5f975914314281c4cf6b',996709966,'\0'),(76,'Tessie','Stracke','kayleigh50@example.net','11ab72ce71d2638a83bdafc3091d86e0f7d761b8',991025833,''),(77,'Esteban','Rippin','georgette.feest@example.com','a03db5755ebd36a3f13543eda6d7fe48251b3b32',988350661,''),(78,'Winona','Parker','carley71@example.com','9e5a3c3c4b69655569fc89d85ea055af5c561528',994729086,''),(79,'Otho','Donnelly','dominic.osinski@example.org','965790c6e11d4c675b00bdd17182ca7461a49996',999973886,'\0'),(80,'Luciano','Schinner','imogene.smith@example.net','9c91af03d61a3375401f90e03e699e3255b023e5',994224966,'\0'),(81,'Joel','Keebler','ygleichner@example.org','2c73ac373a5a33cbe4155c8f848f5fd124b17e4b',994090457,'\0'),(82,'Aisha','Upton','dominique39@example.net','d3cc6325886e99d7f7940cee1b9488b6b2a26819',992762243,''),(83,'Lea','Batz','fflatley@example.com','4a99fd2778cfc487993ac449296901cc88078dc6',989953840,''),(84,'Kirk','Klocko','gennaro.trantow@example.org','0cb9153f500207114005fc51411ae380221706db',988367876,'\0'),(85,'Bianka','Kiehn','felicity.reilly@example.com','c56cb1a1095099b58ab43bbad4bc0f386d4202b1',988444890,''),(86,'Breanna','Crona','raoul72@example.com','f61fd28355ae2927847c050fa983f9ba1a5d86cd',993880744,''),(87,'Miguel','Kuvalis','maynard24@example.org','a22e877827322003645b51298297c6c73e40b545',999311191,''),(88,'Josiane','O\'Conner','hal.padberg@example.com','a0ff750334ce11f48b365f41b0702d765db6da16',990851113,'\0'),(89,'Nathanael','Cormier','rjohns@example.net','7e8b5f05dd95ec73100099e7388312ebe7a6e280',989946628,'\0'),(90,'Shanna','Lehner','krystal.schiller@example.com','35d1abc55b0e0d36f2707d873d14196d3484e67e',998224971,'\0'),(91,'Mollie','Russel','sanford.justina@example.net','0c6b453be4fe85b268cd064cbf3dfb4082334ee4',991764296,'\0'),(92,'Jakob','Wisozk','eduardo15@example.net','95c2d61c24cdd27bc921e6cd141e09d5b9dc73e3',994439850,''),(93,'Althea','Harris','estoltenberg@example.com','486193a062903ef3f6a4f43990c60f77b89c9186',999468029,'\0'),(94,'Kayleigh','Stroman','emmanuel22@example.net','39adca986bbc3645e20df797844c842204e8b210',994619556,''),(95,'Shane','Goodwin','josianne91@example.net','0ff34d3ff0c758600ef926f3c2830ba82903380a',989555343,'\0'),(96,'Maiya','Schmeler','hnolan@example.org','4b7cb56dec44a4ae040bc0003c88eaa4000cd6e5',989416619,'\0'),(97,'Casandra','Adams','bfahey@example.com','ef4d006f2c87ca0a363e817101e87ee0f43dc4aa',999713455,''),(98,'Romaine','Gusikowski','lockman.danika@example.com','3fc82eff0779e0743a94ab405f66926808506e94',999653342,''),(99,'Doug','Ernser','flo.harris@example.com','df9ba0ecd59f0b94bed1e6144f6fc13ee7fc858f',993400283,''),(100,'Maymie','Littel','nellie.fahey@example.net','e2c8474decd8309a5b39c0105b9debee23e9ee7a',997691336,'');
/*!40000 ALTER TABLE `users` ENABLE KEYS */;
UNLOCK TABLES;

--
-- Table structure for table `users_communities`
--

DROP TABLE IF EXISTS `users_communities`;
/*!40101 SET @saved_cs_client     = @@character_set_client */;
/*!40101 SET character_set_client = utf8 */;
CREATE TABLE `users_communities` (
  `user_id` bigint(20) unsigned NOT NULL,
  `community_id` bigint(20) unsigned NOT NULL,
  PRIMARY KEY (`user_id`,`community_id`),
  KEY `community_id` (`community_id`),
  CONSTRAINT `users_communities_ibfk_1` FOREIGN KEY (`user_id`) REFERENCES `users` (`id`) ON DELETE CASCADE ON UPDATE CASCADE,
  CONSTRAINT `users_communities_ibfk_2` FOREIGN KEY (`community_id`) REFERENCES `communities` (`id`) ON DELETE CASCADE ON UPDATE CASCADE
) ENGINE=InnoDB DEFAULT CHARSET=utf8mb4 COLLATE=utf8mb4_unicode_ci;
/*!40101 SET character_set_client = @saved_cs_client */;

--
-- Dumping data for table `users_communities`
--

LOCK TABLES `users_communities` WRITE;
/*!40000 ALTER TABLE `users_communities` DISABLE KEYS */;
INSERT INTO `users_communities` VALUES (1,1),(2,2),(3,3),(4,4),(5,5),(6,6),(7,7),(8,8),(9,9),(10,10),(11,11),(12,12),(13,13),(14,14),(15,15),(16,16),(17,17),(18,18),(19,19),(20,20),(21,21),(22,22),(23,23),(24,24),(25,25),(26,26),(27,27),(28,28),(29,29),(30,30),(31,31),(32,32),(33,33),(34,34),(35,35),(36,36),(37,37),(38,38),(39,39),(40,40),(41,41),(42,42),(43,43),(44,44),(45,45),(46,46),(47,47),(48,48),(49,49),(50,50),(51,51),(52,52),(53,53),(54,54),(55,55),(56,56),(57,57),(58,58),(59,59),(60,60),(61,61),(62,62),(63,63),(64,64),(65,65),(66,66),(67,67),(68,68),(69,69),(70,70),(71,71),(72,72),(73,73),(74,74),(75,75),(76,76),(77,77),(78,78),(79,79),(80,80),(81,81),(82,82),(83,83),(84,84),(85,85),(86,86),(87,87),(88,88),(89,89),(90,90),(91,91),(92,92),(93,93),(94,94),(95,95),(96,96),(97,97),(98,98),(99,99),(100,100);
/*!40000 ALTER TABLE `users_communities` ENABLE KEYS */;
UNLOCK TABLES;
/*!40103 SET TIME_ZONE=@OLD_TIME_ZONE */;

/*!40101 SET SQL_MODE=@OLD_SQL_MODE */;
/*!40014 SET FOREIGN_KEY_CHECKS=@OLD_FOREIGN_KEY_CHECKS */;
/*!40014 SET UNIQUE_CHECKS=@OLD_UNIQUE_CHECKS */;
/*!40101 SET CHARACTER_SET_CLIENT=@OLD_CHARACTER_SET_CLIENT */;
/*!40101 SET CHARACTER_SET_RESULTS=@OLD_CHARACTER_SET_RESULTS */;
/*!40101 SET COLLATION_CONNECTION=@OLD_COLLATION_CONNECTION */;
/*!40111 SET SQL_NOTES=@OLD_SQL_NOTES */;

-- Dump completed on 2021-12-19  8:56:44



-- 2)Написать скрипт, возвращающий список имен (только firstname) пользователей без повторений в алфавитном порядке.
 
SELECT DISTINCT firstname FROM `users` 
ORDER BY firstname ASC;


-- 3)Первые пять пользователей пометить как удаленные.

 UPDATE `users` 
 SET
 	is_deleted = '1'
WHERE 
	id < 6;

 -- 4)Написать скрипт, удаляющий сообщения «из будущего» (дата больше сегодняшней).

DELETE  FROM profiles 
WHERE birthday and created_at > '19.12.2021';

DELETE  FROM media 
WHERE created_at and updated_at > '19.12.2021';

DELETE  FROM messages 
WHERE created_at > '19.12.2021';

DELETE  FROM friend_requests 
WHERE requested_at and updated_at > '19.12.2021';

 -- 5)Написать название темы курсового проекта.
-- "Салон автомобилей с пробегом" 
